Site_ID,Sub_ID,Session,Series,Unique_ID,SNR,EFC,Smoothness_of_Voxels,FBER,GSR,Unique_ID,mFD,PercentFD_greater_than_0.20,NumFD_greater_than_0.20,DVARS,Outliers,GCORR,Median_Distance_Index
ABIDEII-BNI_1,29006,session_1,dti_1,ABIDEII-BNI_1_29006_session_1_dti_1,9.615145021,0.414870378,2.804358807,16.60958916,0.020149682,ABIDEII-BNI_1_29006_session_1_dti_1,13.5103,74.2857,26,1.941259159,0.031717059,0.828419843,0.068619032
ABIDEII-BNI_1,29007,session_1,dti_1,ABIDEII-BNI_1_29007_session_1_dti_1,9.873560905,0.411080218,2.760708405,17.96059466,0.008547751,ABIDEII-BNI_1_29007_session_1_dti_1,9.7278,77.1429,27,1.768672501,0.031364118,0.771054424,0.060003797
ABIDEII-BNI_1,29008,session_1,dti_1,ABIDEII-BNI_1_29008_session_1_dti_1,9.160487812,0.389066323,2.698166029,12.2473225,0.004990272,ABIDEII-BNI_1_29008_session_1_dti_1,19.5976,80,28,1.769245816,0.031730588,0.775210907,0.069789074
ABIDEII-BNI_1,29009,session_1,dti_1,ABIDEII-BNI_1_29009_session_1_dti_1,10.57970532,0.383776369,2.797409654,15.8304664,0.002204548,ABIDEII-BNI_1_29009_session_1_dti_1,10.4112,65.7143,23,1.935383182,0.031527941,0.801211549,0.065780271
ABIDEII-BNI_1,29010,session_1,dti_1,ABIDEII-BNI_1_29010_session_1_dti_1,5.97936481,0.298425294,2.853682325,9.859757159,0.012264728,ABIDEII-BNI_1_29010_session_1_dti_1,22.15939975,74.2857,26,1.498755009,0.030641176,0.739447619,0.083175453
ABIDEII-BNI_1,29011,session_1,dti_1,ABIDEII-BNI_1_29011_session_1_dti_1,7.028440923,0.318084577,2.825907809,13.64517094,0.041651368,ABIDEII-BNI_1_29011_session_1_dti_1,6.271639105,51.4286,18,1.60127844,0.030875588,0.739011779,0.073867459
ABIDEII-BNI_1,29012,session_1,dti_1,ABIDEII-BNI_1_29012_session_1_dti_1,7.242689044,0.29740945,2.858526846,11.78101997,0.006447053,ABIDEII-BNI_1_29012_session_1_dti_1,22.20226937,88.5714,31,1.347601342,0.031390294,0.70058807,0.054913656
ABIDEII-BNI_1,29013,session_1,dti_1,ABIDEII-BNI_1_29013_session_1_dti_1,7.778746766,0.322004865,2.853428222,20.14577584,0.023168737,ABIDEII-BNI_1_29013_session_1_dti_1,19.18097387,71.4286,25,1.542271948,0.031000588,0.744758685,0.080863374
ABIDEII-BNI_1,29014,session_1,dti_1,ABIDEII-BNI_1_29014_session_1_dti_1,5.829402218,0.301754441,2.776854966,5.405699048,0.024278037,ABIDEII-BNI_1_29014_session_1_dti_1,15.37522148,54.2857,19,1.745479778,0.030775294,0.731822577,0.075941335
ABIDEII-BNI_1,29015,session_1,dti_1,ABIDEII-BNI_1_29015_session_1_dti_1,5.566025916,0.289931601,2.671971368,6.841111878,0.016515408,ABIDEII-BNI_1_29015_session_1_dti_1,7.444200775,60,21,1.45703715,0.030361765,0.71795873,0.060902994
ABIDEII-BNI_1,29016,session_1,dti_1,ABIDEII-BNI_1_29016_session_1_dti_1,5.559355183,0.323062197,2.697436865,8.787992846,0.034571435,ABIDEII-BNI_1_29016_session_1_dti_1,11.05268071,51.4286,18,1.463085651,0.030859118,0.750215976,0.064100509
ABIDEII-BNI_1,29017,session_1,dti_1,ABIDEII-BNI_1_29017_session_1_dti_1,7.205962619,0.286962654,3.504897493,8.220723504,0.035807084,ABIDEII-BNI_1_29017_session_1_dti_1,13.11313961,65.7143,23,1.813675561,0.030820588,0.755764676,0.103401471
ABIDEII-BNI_1,29018,session_1,dti_1,ABIDEII-BNI_1_29018_session_1_dti_1,6.121045322,0.296215227,2.772932948,10.18675934,0.03202476,ABIDEII-BNI_1_29018_session_1_dti_1,16.17950275,71.4286,25,1.484395911,0.031060294,0.749337742,0.084196118
ABIDEII-BNI_1,29019,session_1,dti_1,ABIDEII-BNI_1_29019_session_1_dti_1,7.970496468,0.306449096,2.746544948,16.88107639,0.014225555,ABIDEII-BNI_1_29019_session_1_dti_1,8.804763144,65.7143,23,1.545215283,0.031309706,0.76895921,0.065771082
ABIDEII-BNI_1,29020,session_1,dti_1,ABIDEII-BNI_1_29020_session_1_dti_1,6.967337899,0.296246126,2.705910633,11.48027666,0.003350167,ABIDEII-BNI_1_29020_session_1_dti_1,25.33542328,82.8571,29,1.394144276,0.031892353,0.720775644,0.061172135
ABIDEII-BNI_1,29021,session_1,dti_1,ABIDEII-BNI_1_29021_session_1_dti_1,6.730821659,0.30510099,3.085147669,14.5344219,0.02940244,ABIDEII-BNI_1_29021_session_1_dti_1,23.71882819,71.4286,25,1.630586615,0.030755,0.73143847,0.073479524
ABIDEII-BNI_1,29022,session_1,dti_1,ABIDEII-BNI_1_29022_session_1_dti_1,5.467614686,0.296520544,2.835613423,7.303460359,0.040339828,ABIDEII-BNI_1_29022_session_1_dti_1,9.151174477,62.8571,22,1.52108188,0.030916765,0.744541072,0.052506579
ABIDEII-BNI_1,29023,session_1,dti_1,ABIDEII-BNI_1_29023_session_1_dti_1,5.657158013,0.299912204,2.800801371,7.240986441,0.037447844,ABIDEII-BNI_1_29023_session_1_dti_1,19.85733853,88.5714,31,1.557689038,0.031014118,0.769922158,0.085643888
ABIDEII-BNI_1,29024,session_1,dti_1,ABIDEII-BNI_1_29024_session_1_dti_1,6.570771723,0.322820745,2.989317857,8.924419295,0.029664323,ABIDEII-BNI_1_29024_session_1_dti_1,18.25002066,82.8571,29,1.657916041,0.031307941,0.771330786,0.072032485
ABIDEII-BNI_1,29025,session_1,dti_1,ABIDEII-BNI_1_29025_session_1_dti_1,5.461853263,0.284032823,2.925212198,7.77651682,0.03012461,ABIDEII-BNI_1_29025_session_1_dti_1,16.68989422,71.4286,25,1.547100022,0.030480588,0.702143603,0.083853121
ABIDEII-BNI_1,29026,session_1,dti_1,ABIDEII-BNI_1_29026_session_1_dti_1,5.83126655,0.285988375,2.837425284,7.927722996,0.006129803,ABIDEII-BNI_1_29026_session_1_dti_1,23.87922756,85.7143,30,1.599645761,0.030513824,0.732463539,0.081095606
ABIDEII-BNI_1,29027,session_1,dti_1,ABIDEII-BNI_1_29027_session_1_dti_1,5.828331621,0.287702218,2.796089425,8.76277227,0.04872549,ABIDEII-BNI_1_29027_session_1_dti_1,11.87597712,62.8571,22,1.567882211,0.031325588,0.764902421,0.086199779
ABIDEII-BNI_1,29028,session_1,dti_1,ABIDEII-BNI_1_29028_session_1_dti_1,7.123673417,0.341424584,2.837104894,10.80122119,0.028576508,ABIDEII-BNI_1_29028_session_1_dti_1,6.721916491,48.5714,17,1.186376258,0.033985,0.832064791,0.034095809
ABIDEII-BNI_1,29029,session_1,dti_1,ABIDEII-BNI_1_29029_session_1_dti_1,5.615431282,0.32138359,2.594591612,6.146323507,0.024755729,ABIDEII-BNI_1_29029_session_1_dti_1,4.450035324,68.5714,24,1.204164647,0.032823235,0.855567545,0.057223744
ABIDEII-BNI_1,29030,session_1,dti_1,ABIDEII-BNI_1_29030_session_1_dti_1,6.930670711,0.314620887,2.724835751,10.0863977,0.026002295,ABIDEII-BNI_1_29030_session_1_dti_1,7.81588199,68.5714,24,1.229646566,0.033355294,0.810641799,0.072149265
ABIDEII-BNI_1,29031,session_1,dti_1,ABIDEII-BNI_1_29031_session_1_dti_1,7.896792006,0.354405083,2.684057812,16.6412551,0.028968528,ABIDEII-BNI_1_29031_session_1_dti_1,12.67129116,77.1429,27,1.266554005,0.032168529,0.803818962,0.056206256
ABIDEII-BNI_1,29032,session_1,dti_1,ABIDEII-BNI_1_29032_session_1_dti_1,6.441696685,0.333401496,2.661945365,8.883028639,0.001177808,ABIDEII-BNI_1_29032_session_1_dti_1,15.4369327,80,28,1.171392683,0.032701471,0.8231008,0.024980909
ABIDEII-BNI_1,29033,session_1,dti_1,ABIDEII-BNI_1_29033_session_1_dti_1,6.47873643,0.303851322,2.832801723,9.917192432,0.017139744,ABIDEII-BNI_1_29033_session_1_dti_1,11.19197249,68.5714,24,1.443650902,0.031780882,0.784458272,0.046526715
ABIDEII-BNI_1,29034,session_1,dti_1,ABIDEII-BNI_1_29034_session_1_dti_1,6.381008602,0.353190933,2.573252521,9.604573802,0.026333988,ABIDEII-BNI_1_29034_session_1_dti_1,9.475882765,77.1429,27,1.225553561,0.032361176,0.830663194,0.048780129
ABIDEII-BNI_1,29035,session_1,dti_1,ABIDEII-BNI_1_29035_session_1_dti_1,4.959393909,0.331798466,2.776004274,5.850831922,0.052660298,ABIDEII-BNI_1_29035_session_1_dti_1,14.1685585,74.2857,26,1.265696644,0.033064118,0.778245449,0.048444926
ABIDEII-BNI_1,29036,session_1,dti_1,ABIDEII-BNI_1_29036_session_1_dti_1,5.051226452,0.333489703,2.72033924,6.434495707,0.064960226,ABIDEII-BNI_1_29036_session_1_dti_1,18.35563111,88.5714,31,1.324902937,0.032360588,0.793238116,0.044282944
ABIDEII-BNI_1,29037,session_1,dti_1,ABIDEII-BNI_1_29037_session_1_dti_1,6.10655834,0.339571834,2.970343024,10.45811705,0.037800293,ABIDEII-BNI_1_29037_session_1_dti_1,12.49752565,82.8571,29,1.364455459,0.031781176,0.769730149,0.054910624
ABIDEII-BNI_1,29038,session_1,dti_1,ABIDEII-BNI_1_29038_session_1_dti_1,8.473926302,0.331520399,2.809076276,17.90353882,0.012221342,ABIDEII-BNI_1_29038_session_1_dti_1,17.08847379,82.8571,29,1.352266998,0.032640588,0.805934076,0.046941191
ABIDEII-BNI_1,29039,session_1,dti_1,ABIDEII-BNI_1_29039_session_1_dti_1,6.055254399,0.342970026,2.597806562,8.363398936,0.009061093,ABIDEII-BNI_1_29039_session_1_dti_1,6.603626984,65.7143,23,1.234677966,0.032850588,0.843125205,0.042496056
ABIDEII-BNI_1,29040,session_1,dti_1,ABIDEII-BNI_1_29040_session_1_dti_1,8.289105598,0.322338198,2.694796408,13.95833837,0.011036627,ABIDEII-BNI_1_29040_session_1_dti_1,14.00985814,88.5714,31,1.283267046,0.032250882,0.778212495,0.0389771
ABIDEII-BNI_1,29041,session_1,dti_1,ABIDEII-BNI_1_29041_session_1_dti_1,7.649253263,0.304804297,2.710125422,12.82212113,0.010512871,ABIDEII-BNI_1_29041_session_1_dti_1,14.13530532,77.1429,27,1.384731114,0.032249412,0.802714477,0.069633288
ABIDEII-BNI_1,29042,session_1,dti_1,ABIDEII-BNI_1_29042_session_1_dti_1,6.176578641,0.341404784,2.73239254,9.191074789,0.041435719,ABIDEII-BNI_1_29042_session_1_dti_1,8.545267308,74.2857,26,1.327821101,0.031925,0.764225568,0.038338476
ABIDEII-BNI_1,29043,session_1,dti_1,ABIDEII-BNI_1_29043_session_1_dti_1,5.955716894,0.319266654,2.566474611,8.120829419,0.049431589,ABIDEII-BNI_1_29043_session_1_dti_1,6.596204066,74.2857,26,1.326576134,0.031828529,0.773317175,0.050560591
ABIDEII-BNI_1,29044,session_1,dti_1,ABIDEII-BNI_1_29044_session_1_dti_1,6.75363525,0.334076634,2.564833992,8.578741993,0.021566361,ABIDEII-BNI_1_29044_session_1_dti_1,3.594861126,51.4286,18,1.181028071,0.032456765,0.849915317,0.034528271
ABIDEII-BNI_1,29045,session_1,dti_1,ABIDEII-BNI_1_29045_session_1_dti_1,6.811750592,0.315755914,2.859057147,10.67905644,0.043626513,ABIDEII-BNI_1_29045_session_1_dti_1,8.474610551,74.2857,26,1.475693067,0.031504706,0.793851084,0.058649138
ABIDEII-BNI_1,29046,session_1,dti_1,ABIDEII-BNI_1_29046_session_1_dti_1,5.460464381,0.346407256,2.583068613,6.646146232,0.017198203,ABIDEII-BNI_1_29046_session_1_dti_1,6.823424349,68.5714,24,1.245143866,0.032827353,0.811758867,0.041000847
ABIDEII-BNI_1,29047,session_1,dti_1,ABIDEII-BNI_1_29047_session_1_dti_1,5.596701185,0.330524482,2.743843728,8.644795583,0.051548366,ABIDEII-BNI_1_29047_session_1_dti_1,10.64301066,65.7143,23,1.444110059,0.032344118,0.809443297,0.051485479
ABIDEII-BNI_1,29048,session_1,dti_1,ABIDEII-BNI_1_29048_session_1_dti_1,6.059958697,0.336723627,2.726885143,9.855008381,0.012242205,ABIDEII-BNI_1_29048_session_1_dti_1,11.05308866,54.2857,19,1.314360611,0.032256765,0.827860171,0.052477229
ABIDEII-BNI_1,29049,session_1,dti_1,ABIDEII-BNI_1_29049_session_1_dti_1,6.260307658,0.31647578,2.646643971,8.115130651,0.005143541,ABIDEII-BNI_1_29049_session_1_dti_1,12.80736726,71.4286,25,1.370563139,0.032417941,0.825935627,0.060497121
ABIDEII-BNI_1,29050,session_1,dti_1,ABIDEII-BNI_1_29050_session_1_dti_1,6.226339451,0.3318831,2.720930305,8.4509503,0.023401132,ABIDEII-BNI_1_29050_session_1_dti_1,7.987423371,54.2857,19,1.355071969,0.032543235,0.852413868,0.043862685
ABIDEII-BNI_1,29051,session_1,dti_1,ABIDEII-BNI_1_29051_session_1_dti_1,10.36533839,0.344976557,2.711257835,24.68201827,0.012575939,ABIDEII-BNI_1_29051_session_1_dti_1,12.44503191,82.8571,29,1.278294854,0.032406471,0.843838085,0.044103612
ABIDEII-BNI_1,29052,session_1,dti_1,ABIDEII-BNI_1_29052_session_1_dti_1,9.096374268,0.325091361,3.002022985,20.66417971,0.01384518,ABIDEII-BNI_1_29052_session_1_dti_1,17.75336541,77.1429,27,1.359848509,0.031635882,0.736249188,0.050326876
ABIDEII-BNI_1,29053,session_1,dti_1,ABIDEII-BNI_1_29053_session_1_dti_1,14.30378979,0.325926964,2.841126344,48.63189109,-0.003895993,ABIDEII-BNI_1_29053_session_1_dti_1,9.404028377,77.1429,27,1.381304829,0.031532941,0.751631748,0.032521821
ABIDEII-BNI_1,29054,session_1,dti_1,ABIDEII-BNI_1_29054_session_1_dti_1,5.355278071,0.322894434,2.580975029,6.193650807,0.048864946,ABIDEII-BNI_1_29054_session_1_dti_1,13.19289989,85.7143,30,1.300199578,0.031967059,0.792660927,0.048311035
ABIDEII-BNI_1,29055,session_1,dti_1,ABIDEII-BNI_1_29055_session_1_dti_1,5.836631091,0.315720984,2.759051214,6.386601557,0.03066474,ABIDEII-BNI_1_29055_session_1_dti_1,8.937533923,74.2857,26,1.224633458,0.034105,0.855680056,0.057277697
ABIDEII-BNI_1,29056,session_1,dti_1,ABIDEII-BNI_1_29056_session_1_dti_1,7.524372048,0.322694954,2.885030848,12.40717397,0.013127171,ABIDEII-BNI_1_29056_session_1_dti_1,19.46930845,91.4286,32,1.293946541,0.032876471,0.831616386,0.070800994
ABIDEII-BNI_1,30144,session_1,dti_1,ABIDEII-BNI_1_30144_session_1_dti_1,5.847909593,0.339971456,2.699961319,8.213962005,0.036627166,ABIDEII-BNI_1_30144_session_1_dti_1,9.29059149,60,21,1.303626208,0.032168529,0.834033294,0.0582793
ABIDEII-BNI_1,30146,session_1,dti_1,ABIDEII-BNI_1_30146_session_1_dti_1,6.219017866,0.340223064,2.691923944,9.39386223,0.021839106,ABIDEII-BNI_1_30146_session_1_dti_1,19.40397725,88.5714,31,1.214837205,0.032444118,0.830227301,0.056856606
ABIDEII-BNI_1,30147,session_1,dti_1,ABIDEII-BNI_1_30147_session_1_dti_1,7.494722502,0.33707727,2.770817268,13.61739086,0.026227575,ABIDEII-BNI_1_30147_session_1_dti_1,11.76024035,82.8571,29,1.334249072,0.032650882,0.854615544,0.059059491
ABIDEII-BNI_1,30148,session_1,dti_1,ABIDEII-BNI_1_30148_session_1_dti_1,5.297853907,0.33221503,2.744142022,6.821370528,0.025420779,ABIDEII-BNI_1_30148_session_1_dti_1,8.194198168,68.5714,24,1.292374644,0.032119118,0.751939872,0.039568226
ABIDEII-BNI_1,30149,session_1,dti_1,ABIDEII-BNI_1_30149_session_1_dti_1,7.613877794,0.325416325,2.691056681,12.9087933,0.027405335,ABIDEII-BNI_1_30149_session_1_dti_1,7.597621472,68.5714,24,1.308479766,0.032328235,0.831008886,0.053430991
ABIDEII-BNI_1,30150,session_1,dti_1,ABIDEII-BNI_1_30150_session_1_dti_1,6.91359553,0.316841569,2.742059486,12.12497129,0.041994218,ABIDEII-BNI_1_30150_session_1_dti_1,11.88476153,65.7143,23,1.538548412,0.031947647,0.812994048,0.048797138
ABIDEII-BNI_1,30151,session_1,dti_1,ABIDEII-BNI_1_30151_session_1_dti_1,7.051065413,0.351529983,2.743473622,11.6346948,0.028173473,ABIDEII-BNI_1_30151_session_1_dti_1,9.689862874,80,28,1.272257339,0.032131471,0.774058304,0.029684724
ABIDEII-IP_1,29580,session_1,dti_1,ABIDEII-IP_1_29580_session_1_dti_1,7.617255,0.453155816,1.835271825,18.68787363,0.037285492,ABIDEII-IP_1_29580_session_1_dti_1,1.189294302,28.5714,10,1.100263821,0.030836176,0.576808283,0.115530809
ABIDEII-IP_1,29581,session_1,dti_1,ABIDEII-IP_1_29581_session_1_dti_1,8.697018719,0.422014868,1.765839663,22.8046112,0.028443348,ABIDEII-IP_1_29581_session_1_dti_1,0.867621976,42.8571,15,1.125656741,0.030384412,0.593607579,0.086558412
ABIDEII-IP_1,29582,session_1,dti_1,ABIDEII-IP_1_29582_session_1_dti_1,7.906801131,0.431695664,1.695495838,17.35875362,0.040945925,ABIDEII-IP_1_29582_session_1_dti_1,0.588660191,28.5714,10,1.090695515,0.030430882,0.584557947,0.092987618
ABIDEII-IP_1,29583,session_1,dti_1,ABIDEII-IP_1_29583_session_1_dti_1,6.539794049,0.459250062,1.876623821,13.51292202,0.044396468,ABIDEII-IP_1_29583_session_1_dti_1,1.847199227,54.2857,19,1.106561284,0.030244706,0.573507329,0.120549218
ABIDEII-IP_1,29584,session_1,dti_1,ABIDEII-IP_1_29584_session_1_dti_1,8.71956954,0.40737659,1.759051832,19.60054802,-0.001654951,ABIDEII-IP_1_29584_session_1_dti_1,0.74149217,40,14,1.083590085,0.035262647,0.636310535,0.107041612
ABIDEII-IP_1,29585,session_1,dti_1,ABIDEII-IP_1_29585_session_1_dti_1,7.172704699,0.435634875,1.916472366,16.19505956,0.037406165,ABIDEII-IP_1_29585_session_1_dti_1,1.428060665,68.5714,24,1.117916946,0.029792647,0.570752338,0.079500124
ABIDEII-IP_1,29586,session_1,dti_1,ABIDEII-IP_1_29586_session_1_dti_1,10.47285692,0.404448266,1.770752169,31.10598059,0.020865975,ABIDEII-IP_1_29586_session_1_dti_1,0.886354074,45.7143,16,1.127355022,0.031267941,0.614630154,0.102235932
ABIDEII-IP_1,29587,session_1,dti_1,ABIDEII-IP_1_29587_session_1_dti_1,7.988666712,0.447697169,1.741920166,17.22981679,0.020288516,ABIDEII-IP_1_29587_session_1_dti_1,0.612054785,37.1429,13,1.072399668,0.031921176,0.601811272,0.1369028
ABIDEII-IP_1,29588,session_1,dti_1,ABIDEII-IP_1_29588_session_1_dti_1,8.856174465,0.442147198,1.768132,24.36224244,0.023248116,ABIDEII-IP_1_29588_session_1_dti_1,1.149738547,54.2857,19,1.11486168,0.031418824,0.579772522,0.093367468
ABIDEII-IP_1,29589,session_1,dti_1,ABIDEII-IP_1_29589_session_1_dti_1,7.917792678,0.42640542,1.736088166,17.44650753,0.040380526,ABIDEII-IP_1_29589_session_1_dti_1,1.433538455,25.7143,9,1.117221923,0.030088529,0.56602344,0.107580229
ABIDEII-IP_1,29590,session_1,dti_1,ABIDEII-IP_1_29590_session_1_dti_1,9.823381562,0.424507707,1.834771825,30.41766254,0.022380564,ABIDEII-IP_1_29590_session_1_dti_1,3.038005061,82.8571,29,1.151490006,0.031731471,0.60180599,0.101979485
ABIDEII-IP_1,29591,session_1,dti_1,ABIDEII-IP_1_29591_session_1_dti_1,11.52390885,0.38435811,1.697160162,29.25956562,0.01889631,ABIDEII-IP_1_29591_session_1_dti_1,0.928620695,62.8571,22,1.111374318,0.035557059,0.604280728,0.123743582
ABIDEII-IP_1,29592,session_1,dti_1,ABIDEII-IP_1_29592_session_1_dti_1,10.32865493,0.457696482,2.236847787,37.24742572,0.033153735,ABIDEII-IP_1_29592_session_1_dti_1,1.015107825,65.7143,23,1.100551908,0.028147353,0.520427464,0.017835861
ABIDEII-IP_1,29593,session_1,dti_1,ABIDEII-IP_1_29593_session_1_dti_1,7.477762757,0.425176805,1.858184,14.65027951,0.02781211,ABIDEII-IP_1_29593_session_1_dti_1,1.524027885,45.7143,16,1.069324235,0.030233529,0.57275451,0.081293047
ABIDEII-IP_1,29594,session_1,dti_1,ABIDEII-IP_1_29594_session_1_dti_1,6.574912797,0.460431873,1.712656163,13.98545157,0.046925325,ABIDEII-IP_1_29594_session_1_dti_1,0.69721791,45.7143,16,1.088172261,0.029638824,0.528685666,0.105882565
ABIDEII-IP_1,29595,session_1,dti_1,ABIDEII-IP_1_29595_session_1_dti_1,7.006545319,0.426681559,1.698768,13.44757985,0.035682701,ABIDEII-IP_1_29595_session_1_dti_1,0.765389804,25.7143,9,1.0997828,0.031022941,0.577695042,0.136985582
ABIDEII-IP_1,29596,session_1,dti_1,ABIDEII-IP_1_29596_session_1_dti_1,12.33859729,0.408271124,1.772428,39.52142444,0.015072267,ABIDEII-IP_1_29596_session_1_dti_1,0.500496589,25.7143,9,1.056028674,0.032041176,0.618810946,0.074791859
ABIDEII-IP_1,29597,session_1,dti_1,ABIDEII-IP_1_29597_session_1_dti_1,6.952606378,0.435149273,1.77990817,14.39328476,0.044038553,ABIDEII-IP_1_29597_session_1_dti_1,2.583264731,82.8571,29,1.107624695,0.030145588,0.581462718,0.118670529
ABIDEII-IP_1,29598,session_1,dti_1,ABIDEII-IP_1_29598_session_1_dti_1,8.853849238,0.419807606,1.758024168,22.01148727,0.025912166,ABIDEII-IP_1_29598_session_1_dti_1,1.47126717,62.8571,22,1.084765704,0.031147059,0.60310029,0.099156532
ABIDEII-IP_1,29599,session_1,dti_1,ABIDEII-IP_1_29599_session_1_dti_1,13.85398429,0.452001877,1.859388,56.35100007,0.005688998,ABIDEII-IP_1_29599_session_1_dti_1,1.355668085,37.1429,13,1.016819037,0.037034706,0.521345925,0.156595088
ABIDEII-IP_1,29600,session_1,dti_1,ABIDEII-IP_1_29600_session_1_dti_1,7.775668627,0.427241896,1.709135674,16.93541671,0.040938519,ABIDEII-IP_1_29600_session_1_dti_1,1.004668444,40,14,1.07181607,0.029282941,0.552563465,0.095768968
ABIDEII-IP_1,29601,session_1,dti_1,ABIDEII-IP_1_29601_session_1_dti_1,7.794072158,0.43177248,1.815219481,17.52285086,0.034587018,ABIDEII-IP_1_29601_session_1_dti_1,2.331464835,77.1429,27,1.094431216,0.031388235,0.59452493,0.100674141
ABIDEII-IP_1,29602,session_1,dti_1,ABIDEII-IP_1_29602_session_1_dti_1,6.882684591,0.453296552,1.806596172,14.65411254,0.044451706,ABIDEII-IP_1_29602_session_1_dti_1,0.849127563,34.2857,12,1.083815958,0.030292647,0.5867797,0.091131203
ABIDEII-IP_1,29603,session_1,dti_1,ABIDEII-IP_1_29603_session_1_dti_1,8.058351989,0.438769262,1.686828,18.9981299,0.041579682,ABIDEII-IP_1_29603_session_1_dti_1,0.804251371,62.8571,22,1.130197698,0.032332353,0.622861725,0.08960425
ABIDEII-IP_1,29604,session_1,dti_1,ABIDEII-IP_1_29604_session_1_dti_1,8.085245166,0.412853496,1.72062,15.43190279,0.019300295,ABIDEII-IP_1_29604_session_1_dti_1,0.585950622,17.1429,6,1.080205983,0.031142941,0.582290409,0.107310285
ABIDEII-IP_1,29605,session_1,dti_1,ABIDEII-IP_1_29605_session_1_dti_1,9.012601501,0.432250579,1.861908,23.66202614,0.028799104,ABIDEII-IP_1_29605_session_1_dti_1,1.88070799,62.8571,22,1.086534087,0.031487647,0.592575182,0.083481488
ABIDEII-IP_1,29606,session_1,dti_1,ABIDEII-IP_1_29606_session_1_dti_1,14.33062182,0.44433248,1.801903828,61.57113728,0.012907595,ABIDEII-IP_1_29606_session_1_dti_1,0.911692894,20,7,1.095101597,0.032900588,0.630894068,0.12323055
ABIDEII-IP_1,29607,session_1,dti_1,ABIDEII-IP_1_29607_session_1_dti_1,9.837018959,0.441568602,1.812900173,26.90593714,0.005969538,ABIDEII-IP_1_29607_session_1_dti_1,1.130676659,51.4286,18,1.089520991,0.030265294,0.57234946,0.105833188
ABIDEII-IP_1,29608,session_1,dti_1,ABIDEII-IP_1_29608_session_1_dti_1,7.099773341,0.431490245,1.814012,14.90022284,0.042147219,ABIDEII-IP_1_29608_session_1_dti_1,5.766973633,80,28,1.113267162,0.030808235,0.58700835,0.105639924
ABIDEII-IP_1,29609,session_1,dti_1,ABIDEII-IP_1_29609_session_1_dti_1,7.47160829,0.475712228,1.803275828,19.53937242,0.031796377,ABIDEII-IP_1_29609_session_1_dti_1,3.995262129,85.7143,30,1.092344517,0.032093235,0.593269996,0.094290909
ABIDEII-IP_1,29611,session_1,dti_1,ABIDEII-IP_1_29611_session_1_dti_1,8.71742031,0.454215617,1.796772514,25.3886925,0.03052086,ABIDEII-IP_1_29611_session_1_dti_1,0.932013166,42.8571,15,1.097707092,0.030567059,0.592495725,0.101582497
ABIDEII-IP_1,29612,session_1,dti_1,ABIDEII-IP_1_29612_session_1_dti_1,9.239233535,0.423656431,1.760328,23.17311426,0.02206932,ABIDEII-IP_1_29612_session_1_dti_1,0.919946637,54.2857,19,1.103878417,0.031435,0.595159437,0.134597515
ABIDEII-IP_1,29613,session_1,dti_1,ABIDEII-IP_1_29613_session_1_dti_1,11.309001,0.40893993,1.8937,29.53745357,-0.003587506,ABIDEII-IP_1_29613_session_1_dti_1,1.129285701,28.5714,10,1.092667156,0.030727647,0.599137004,0.1496682
ABIDEII-IP_1,29614,session_1,dti_1,ABIDEII-IP_1_29614_session_1_dti_1,8.172938501,0.465112367,1.979088189,21.84144057,0.042591069,ABIDEII-IP_1_29614_session_1_dti_1,1.35874707,65.7143,23,1.080675221,0.031360294,0.665338429,0.014256714
ABIDEII-IP_1,29615,session_1,dti_1,ABIDEII-IP_1_29615_session_1_dti_1,7.44634605,0.466143124,1.73508,18.3629617,0.038236111,ABIDEII-IP_1_29615_session_1_dti_1,0.965497821,54.2857,19,1.065983948,0.031018824,0.573283157,0.112317759
ABIDEII-IP_1,29616,session_1,dti_1,ABIDEII-IP_1_29616_session_1_dti_1,7.482409404,0.414815979,1.666247364,14.15682017,0.027868088,ABIDEII-IP_1_29616_session_1_dti_1,0.570727765,34.2857,12,1.068755099,0.030047059,0.592352954,0.083794168
ABIDEII-IP_1,29618,session_1,dti_1,ABIDEII-IP_1_29618_session_1_dti_1,7.706664323,0.44681002,1.76058,17.88587561,0.040770572,ABIDEII-IP_1_29618_session_1_dti_1,1.237364559,45.7143,16,1.099804658,0.030429118,0.579967915,0.129299776
ABIDEII-IP_1,29619,session_1,dti_1,ABIDEII-IP_1_29619_session_1_dti_1,7.295256105,0.424025739,1.765028,14.17577455,0.055973977,ABIDEII-IP_1_29619_session_1_dti_1,1.988476395,74.2857,26,1.104990598,0.031370588,0.607879716,0.097481374
ABIDEII-IP_1,29620,session_1,dti_1,ABIDEII-IP_1_29620_session_1_dti_1,7.023446099,0.45646734,1.73110466,14.69542091,0.030682342,ABIDEII-IP_1_29620_session_1_dti_1,0.586517637,28.5714,10,1.082946657,0.032557941,0.612645237,0.117744465
ABIDEII-IP_1,29621,session_1,dti_1,ABIDEII-IP_1_29621_session_1_dti_1,8.184187185,0.438315166,1.704900163,18.65813072,0.023617221,ABIDEII-IP_1_29621_session_1_dti_1,1.327730415,37.1429,13,1.003928664,0.039592647,0.523339442,0.131860279
ABIDEII-IP_1,29623,session_1,dti_1,ABIDEII-IP_1_29623_session_1_dti_1,9.117948357,0.399356875,1.848231824,19.1827538,0.026747087,ABIDEII-IP_1_29623_session_1_dti_1,2.201328966,51.4286,18,1.169200116,0.046684412,0.453957964,0.165931888
ABIDEII-IP_1,29624,session_1,dti_1,ABIDEII-IP_1_29624_session_1_dti_1,13.9026768,0.407014579,1.833144,44.28905892,-0.000194896,ABIDEII-IP_1_29624_session_1_dti_1,0.652959167,34.2857,12,1.095698853,0.032062941,0.603422032,0.096279744
ABIDEII-IP_1,29625,session_1,dti_1,ABIDEII-IP_1_29625_session_1_dti_1,8.80882778,0.414599658,1.875508715,21.81713491,0.022847867,ABIDEII-IP_1_29625_session_1_dti_1,5.138451023,77.1429,27,1.130490364,0.030781765,0.594107005,0.152704559
ABIDEII-IP_1,29626,session_1,dti_1,ABIDEII-IP_1_29626_session_1_dti_1,8.303259453,0.463408994,1.724416493,16.89492865,0.01187596,ABIDEII-IP_1_29626_session_1_dti_1,2.224404607,62.8571,22,1.247953025,0.063003235,0.398982527,0.173554929
ABIDEII-IP_1,29627,session_1,dti_1,ABIDEII-IP_1_29627_session_1_dti_1,7.068448628,0.483976839,1.843388,15.68904022,0.029749289,ABIDEII-IP_1_29627_session_1_dti_1,0.905286387,54.2857,19,1.078028463,0.031030588,0.577909698,0.088311712
ABIDEII-IP_1,29628,session_1,dti_1,ABIDEII-IP_1_29628_session_1_dti_1,9.873783715,0.38398209,1.72478,20.15030334,0.025975002,ABIDEII-IP_1_29628_session_1_dti_1,1.420032966,48.5714,17,1.134922221,0.048534412,0.520629906,0.098286379
ABIDEII-IP_1,29629,session_1,dti_1,ABIDEII-IP_1_29629_session_1_dti_1,7.596896644,0.44181344,1.810700173,16.18300278,0.034518454,ABIDEII-IP_1_29629_session_1_dti_1,0.949906782,25.7143,9,1.079335233,0.031371176,0.60792226,0.096980006
ABIDEII-IP_1,29630,session_1,dti_1,ABIDEII-IP_1_29630_session_1_dti_1,11.16377883,0.425528998,1.847875648,31.56028778,0.005937497,ABIDEII-IP_1_29630_session_1_dti_1,0.834486243,22.8571,8,1.107026252,0.034597353,0.620058904,0.174136059
ABIDEII-IP_1,29631,session_1,dti_1,ABIDEII-IP_1_29631_session_1_dti_1,8.505349229,0.412126368,1.811952,21.22841265,0.029982578,ABIDEII-IP_1_29631_session_1_dti_1,2.210810594,68.5714,24,1.129354928,0.030449412,0.591823368,0.121586376
ABIDEII-IP_1,29632,session_1,dti_1,ABIDEII-IP_1_29632_session_1_dti_1,12.01121405,0.421762967,1.761768336,35.70592451,0.009389386,ABIDEII-IP_1_29632_session_1_dti_1,0.67611593,28.5714,10,1.087055717,0.032565882,0.60572891,0.179642088
ABIDEII-IP_1,29633,session_1,dti_1,ABIDEII-IP_1_29633_session_1_dti_1,6.805707892,0.450577164,1.760531832,12.65567289,0.037895951,ABIDEII-IP_1_29633_session_1_dti_1,0.722737117,34.2857,12,1.100237561,0.033226471,0.569090375,0.134296094
ABIDEII-IP_1,29634,session_1,dti_1,ABIDEII-IP_1_29634_session_1_dti_1,7.952183627,0.428152725,1.738219834,15.88848012,0.024956964,ABIDEII-IP_1_29634_session_1_dti_1,0.83675151,37.1429,13,1.11011964,0.033641176,0.610830966,0.1572634
ABIDEII-IP_1,29635,session_1,dti_1,ABIDEII-IP_1_29635_session_1_dti_1,6.061878384,0.445912086,1.797664,11.64628742,0.044796098,ABIDEII-IP_1_29635_session_1_dti_1,2.934854376,71.4286,25,1.099391354,0.030255882,0.55831442,0.100148909
ABIDEII-NYU_1,29177,session_1,dti_1,ABIDEII-NYU_1_29177_session_1_dti_1,9.766662754,0.532525407,1.730533333,22.17640059,0.038816933,ABIDEII-NYU_1_29177_session_1_dti_1,0.732045936,59.0909,39,1.0358356,0.016042,0.607074834,0.310328523
ABIDEII-NYU_1,29177,session_1,dti_2,ABIDEII-NYU_1_29177_session_1_dti_2,8.807617124,0.53662892,1.672133333,18.82460167,0.042123966,ABIDEII-NYU_1_29177_session_1_dti_2,0.715526654,50,33,1.037058487,0.015639692,0.60185608,0.289542262
ABIDEII-NYU_1,29180,session_1,dti_1,ABIDEII-NYU_1_29180_session_1_dti_1,9.703000367,0.557613099,1.687353333,21.83888123,0.036892064,ABIDEII-NYU_1_29180_session_1_dti_1,0.526202296,21.2121,14,1.066228627,0.019045846,0.573643872,0.271996154
ABIDEII-NYU_1,29180,session_1,dti_2,ABIDEII-NYU_1_29180_session_1_dti_2,9.641190914,0.557658182,1.680823333,21.50851089,0.038298573,ABIDEII-NYU_1_29180_session_1_dti_2,0.521958891,22.7273,15,1.052509302,0.018270769,0.569177998,0.283779231
ABIDEII-NYU_1,29181,session_1,dti_1,ABIDEII-NYU_1_29181_session_1_dti_1,8.08735084,0.571378493,1.744053333,18.88498173,0.039291859,ABIDEII-NYU_1_29181_session_1_dti_1,1.570219207,68.1818,45,1.054827306,0.01594,0.551616044,0.265920508
ABIDEII-NYU_1,29181,session_1,dti_2,ABIDEII-NYU_1_29181_session_1_dti_2,8.101944846,0.570887218,1.766016667,18.90043693,0.03913882,ABIDEII-NYU_1_29181_session_1_dti_2,1.791253182,72.7273,48,1.047441905,0.01557,0.554406574,0.256518462
ABIDEII-NYU_1,29182,session_1,dti_1,ABIDEII-NYU_1_29182_session_1_dti_1,9.719515144,0.531819748,1.665126667,20.1938408,0.036712904,ABIDEII-NYU_1_29182_session_1_dti_1,0.565539815,45.4545,30,1.030154389,0.016342923,0.607574585,0.308113077
ABIDEII-NYU_1,29182,session_1,dti_2,ABIDEII-NYU_1_29182_session_1_dti_2,9.369384009,0.534686583,1.654363333,19.18906382,0.040895626,ABIDEII-NYU_1_29182_session_1_dti_2,0.520880543,40.9091,27,1.032983201,0.015980923,0.603535016,0.276348738
ABIDEII-NYU_1,29183,session_1,dti_1,ABIDEII-NYU_1_29183_session_1_dti_1,12.98784443,0.516770212,1.8664,24.28414128,0.026201148,ABIDEII-NYU_1_29183_session_1_dti_1,1.197716025,66.6667,44,1.014956232,0.016597231,0.562607786,0.360106615
ABIDEII-NYU_1,29183,session_1,dti_2,ABIDEII-NYU_1_29183_session_1_dti_2,13.65570331,0.515579851,1.92056,25.10792081,0.020845186,ABIDEII-NYU_1_29183_session_1_dti_2,1.425427175,75.7576,50,1.016438372,0.015770462,0.561300122,0.352670431
ABIDEII-NYU_1,29184,session_1,dti_1,ABIDEII-NYU_1_29184_session_1_dti_1,10.36569495,0.540824759,1.650233333,24.3640501,0.029924976,ABIDEII-NYU_1_29184_session_1_dti_1,0.751761811,57.5758,38,1.028756097,0.016034462,0.580194366,0.267765785
ABIDEII-NYU_1,29184,session_1,dti_2,ABIDEII-NYU_1_29184_session_1_dti_2,9.961727999,0.542635774,1.63877,23.11836044,0.031596724,ABIDEII-NYU_1_29184_session_1_dti_2,0.837288682,66.6667,44,1.029646006,0.015986615,0.57779579,0.251953708
ABIDEII-NYU_1,29185,session_1,dti_1,ABIDEII-NYU_1_29185_session_1_dti_1,9.135677568,0.554105098,1.655516667,20.69490711,0.049296029,ABIDEII-NYU_1_29185_session_1_dti_1,0.845076665,59.0909,39,1.042364863,0.015307077,0.569421428,0.228307446
ABIDEII-NYU_1,29185,session_1,dti_2,ABIDEII-NYU_1_29185_session_1_dti_2,8.910836755,0.555540853,1.666293333,19.90023568,0.05159374,ABIDEII-NYU_1_29185_session_1_dti_2,0.864980568,62.1212,41,1.046164064,0.014813538,0.569253079,0.213332646
ABIDEII-NYU_1,29186,session_1,dti_1,ABIDEII-NYU_1_29186_session_1_dti_1,10.19148756,0.551864388,1.621956667,24.20150872,0.02922547,ABIDEII-NYU_1_29186_session_1_dti_1,0.654906425,48.4848,32,1.033092515,0.015580462,0.57418026,0.244879708
ABIDEII-NYU_1,29186,session_1,dti_2,ABIDEII-NYU_1_29186_session_1_dti_2,9.918932886,0.553230579,1.615163333,23.37338397,0.031398945,ABIDEII-NYU_1_29186_session_1_dti_2,0.641437435,43.9394,29,1.022568166,0.015931846,0.570756962,0.283639292
ABIDEII-NYU_1,29187,session_1,dti_1,ABIDEII-NYU_1_29187_session_1_dti_1,10.68945383,0.538290043,1.888796667,28.37013436,0.024390277,ABIDEII-NYU_1_29187_session_1_dti_1,1.336027688,71.2121,47,1.035813878,0.016605692,0.564992595,0.245021077
ABIDEII-NYU_1,29187,session_1,dti_2,ABIDEII-NYU_1_29187_session_1_dti_2,10.52813212,0.539486226,1.864156667,27.79048943,0.024188127,ABIDEII-NYU_1_29187_session_1_dti_2,1.212454125,72.7273,48,1.039637823,0.016042769,0.571236018,0.247343138
ABIDEII-NYU_1,29188,session_1,dti_1,ABIDEII-NYU_1_29188_session_1_dti_1,6.598328263,0.603196255,1.843023333,15.8769746,0.064956114,ABIDEII-NYU_1_29188_session_1_dti_1,0.848351035,68.1818,45,1.04667847,0.015643846,0.528595253,0.1863952
ABIDEII-NYU_1,29188,session_1,dti_2,ABIDEII-NYU_1_29188_session_1_dti_2,6.015371067,0.609009855,1.725396667,13.69267232,0.076322615,ABIDEII-NYU_1_29188_session_1_dti_2,0.602086187,60.6061,40,1.032591136,0.015605231,0.543272035,0.212525523
ABIDEII-NYU_1,29189,session_1,dti_1,ABIDEII-NYU_1_29189_session_1_dti_1,9.032406296,0.553897595,1.77782,21.60722333,0.040158615,ABIDEII-NYU_1_29189_session_1_dti_1,0.810562529,65.1515,43,1.055551921,0.016726,0.570774157,0.258745292
ABIDEII-NYU_1,29189,session_1,dti_2,ABIDEII-NYU_1_29189_session_1_dti_2,8.399498028,0.556223397,1.739866667,19.41696114,0.044771407,ABIDEII-NYU_1_29189_session_1_dti_2,0.755358564,66.6667,44,1.043179402,0.015772154,0.579944459,0.247481369
ABIDEII-NYU_1,29191,session_1,dti_1,ABIDEII-NYU_1_29191_session_1_dti_1,6.668781615,0.576881236,1.752346667,13.41008687,0.034631629,ABIDEII-NYU_1_29191_session_1_dti_1,0.626932246,43.9394,29,1.040450445,0.015264,0.550941023,0.219903
ABIDEII-NYU_1,29191,session_1,dti_2,ABIDEII-NYU_1_29191_session_1_dti_2,6.667409507,0.576718463,1.773966667,13.4394049,0.036770303,ABIDEII-NYU_1_29191_session_1_dti_2,0.681435426,59.0909,39,1.038164863,0.015595077,0.539293651,0.232647138
ABIDEII-NYU_1,29193,session_1,dti_1,ABIDEII-NYU_1_29193_session_1_dti_1,7.454848435,0.549515824,1.686363333,14.57967429,0.045891345,ABIDEII-NYU_1_29193_session_1_dti_1,0.685072911,53.0303,35,1.0441141,0.016539077,0.574615655,0.298569754
ABIDEII-NYU_1,29193,session_1,dti_2,ABIDEII-NYU_1_29193_session_1_dti_2,8.371500589,0.551007822,1.71244,17.53410848,0.034081303,ABIDEII-NYU_1_29193_session_1_dti_2,0.628375222,57.5758,38,1.04105814,0.016157692,0.575400252,0.281851523
ABIDEII-NYU_1,29196,session_1,dti_1,ABIDEII-NYU_1_29196_session_1_dti_1,5.527311291,0.557948085,1.773436667,8.233590664,0.105114929,ABIDEII-NYU_1_29196_session_1_dti_1,0.751259023,60.6061,40,0.986292768,0.015606615,0.517962315,0.280901969
ABIDEII-NYU_1,29196,session_1,dti_2,ABIDEII-NYU_1_29196_session_1_dti_2,5.195897795,0.569353799,1.607536667,7.505512812,0.102034271,ABIDEII-NYU_1_29196_session_1_dti_2,0.395664257,33.3333,22,1.031138311,0.014699538,0.529521218,0.256192231
ABIDEII-NYU_1,29197,session_1,dti_1,ABIDEII-NYU_1_29197_session_1_dti_1,6.803777724,0.557712836,1.8074,11.8119067,0.069619924,ABIDEII-NYU_1_29197_session_1_dti_1,0.775307456,65.1515,43,1.043847418,0.015427538,0.511834593,0.280788185
ABIDEII-NYU_1,29197,session_1,dti_2,ABIDEII-NYU_1_29197_session_1_dti_2,7.718143231,0.560977913,1.82638,14.2710927,0.057768222,ABIDEII-NYU_1_29197_session_1_dti_2,0.729028438,60.6061,40,1.04136593,0.015550154,0.510903205,0.294360908
ABIDEII-NYU_1,29198,session_1,dti_1,ABIDEII-NYU_1_29198_session_1_dti_1,5.903380317,0.586242451,1.731726667,11.06034117,0.106638908,ABIDEII-NYU_1_29198_session_1_dti_1,1.63479951,56.0606,37,1.054002573,0.015642462,0.518537478,0.248746554
ABIDEII-NYU_1,29198,session_1,dti_2,ABIDEII-NYU_1_29198_session_1_dti_2,5.892818102,0.585898819,1.74446,11.1341917,0.107165739,ABIDEII-NYU_1_29198_session_1_dti_2,2.155916924,48.4848,32,1.04180212,0.014848154,0.522815243,0.244482354
ABIDEII-NYU_1,29199,session_1,dti_1,ABIDEII-NYU_1_29199_session_1_dti_1,7.061688204,0.55600491,1.744536667,12.13330605,0.082947828,ABIDEII-NYU_1_29199_session_1_dti_1,0.658421593,45.4545,30,1.010359419,0.017854,0.496413098,0.309104
ABIDEII-NYU_1,29199,session_1,dti_2,ABIDEII-NYU_1_29199_session_1_dti_2,7.976189021,0.553688681,1.778886667,14.79911273,0.067384094,ABIDEII-NYU_1_29199_session_1_dti_2,0.690260423,50,33,1.044031025,0.017746462,0.507027766,0.265482492
ABIDEII-NYU_1,29200,session_1,dti_1,ABIDEII-NYU_1_29200_session_1_dti_1,9.121601086,0.557471632,1.720736667,18.79277217,0.050315749,ABIDEII-NYU_1_29200_session_1_dti_1,0.791881742,68.1818,45,1.033284945,0.016387231,0.529962258,0.266088385
ABIDEII-NYU_1,29200,session_1,dti_2,ABIDEII-NYU_1_29200_session_1_dti_2,8.178572617,0.557835688,1.690936667,15.9562593,0.06180919,ABIDEII-NYU_1_29200_session_1_dti_2,0.871554252,65.1515,43,1.011383982,0.017189692,0.511887766,0.256741908
ABIDEII-NYU_1,29202,session_1,dti_1,ABIDEII-NYU_1_29202_session_1_dti_1,6.074603284,0.591629665,1.71698,12.85253463,0.072823957,ABIDEII-NYU_1_29202_session_1_dti_1,1.007766906,59.0909,39,1.048816562,0.017846154,0.530013158,0.233809354
ABIDEII-NYU_1,29202,session_1,dti_2,ABIDEII-NYU_1_29202_session_1_dti_2,5.942285212,0.593426035,1.704856667,12.50361182,0.076834917,ABIDEII-NYU_1_29202_session_1_dti_2,0.964557694,53.0303,35,1.027617825,0.018580615,0.503290013,0.2408308
ABIDEII-NYU_1,29203,session_1,dti_1,ABIDEII-NYU_1_29203_session_1_dti_1,6.245729956,0.547257029,1.677206667,10.40638734,0.100896113,ABIDEII-NYU_1_29203_session_1_dti_1,2.291012231,75.7576,50,1.056616352,0.014524308,0.52535383,0.285530338
ABIDEII-NYU_1,29203,session_1,dti_2,ABIDEII-NYU_1_29203_session_1_dti_2,5.780637964,0.55671101,1.62465,9.33631452,0.107778475,ABIDEII-NYU_1_29203_session_1_dti_2,1.649100131,48.4848,32,1.067673193,0.014195846,0.512611972,0.2997282
ABIDEII-NYU_1,29205,session_1,dti_1,ABIDEII-NYU_1_29205_session_1_dti_1,5.236805909,0.583040498,1.702473333,7.685748596,0.10590779,ABIDEII-NYU_1_29205_session_1_dti_1,6.049561102,77.2727,51,1.046911688,0.013850923,0.475950034,0.250237677
ABIDEII-NYU_1,29205,session_1,dti_2,ABIDEII-NYU_1_29205_session_1_dti_2,4.906585641,0.589113785,1.676463333,7.049197479,0.114439666,ABIDEII-NYU_1_29205_session_1_dti_2,7.55050666,81.8182,54,1.047321122,0.013757077,0.466994368,0.268189831
ABIDEII-NYU_1,29206,session_1,dti_1,ABIDEII-NYU_1_29206_session_1_dti_1,8.248643698,0.561482157,1.684076667,18.90605625,0.041639887,ABIDEII-NYU_1_29206_session_1_dti_1,0.653565871,45.4545,30,1.023813185,0.015906923,0.569372867,0.228996508
ABIDEII-NYU_1,29206,session_1,dti_2,ABIDEII-NYU_1_29206_session_1_dti_2,7.390677794,0.565804465,1.657253333,16.06194578,0.049968261,ABIDEII-NYU_1_29206_session_1_dti_2,0.548882393,36.3636,24,1.033550445,0.016178,0.566679153,0.272960246
ABIDEII-NYU_1,29208,session_1,dti_1,ABIDEII-NYU_1_29208_session_1_dti_1,6.543753288,0.586043594,1.64465,11.74545984,0.085042007,ABIDEII-NYU_1_29208_session_1_dti_1,0.400022913,10.6061,7,1.037269031,0.017352769,0.531890586,0.212914769
ABIDEII-NYU_1,29208,session_1,dti_2,ABIDEII-NYU_1_29208_session_1_dti_2,6.349776453,0.587315385,1.64588,11.2234477,0.088648282,ABIDEII-NYU_1_29208_session_1_dti_2,0.431970061,15.1515,10,1.034313799,0.017718769,0.529972742,0.251415169
ABIDEII-NYU_1,29210,session_1,dti_1,ABIDEII-NYU_1_29210_session_1_dti_1,6.847117558,0.576174872,1.810883333,13.91359104,0.054497566,ABIDEII-NYU_1_29210_session_1_dti_1,1.161727619,48.4848,32,1.02285663,0.01688,0.516407765,0.246636354
ABIDEII-NYU_1,29210,session_1,dti_2,ABIDEII-NYU_1_29210_session_1_dti_2,7.635325642,0.584413482,1.73803,16.41207866,0.045758389,ABIDEII-NYU_1_29210_session_1_dti_2,0.481437651,6.0606,4,1.02460302,0.016310615,0.52827955,0.264915569
ABIDEII-NYU_1,29211,session_1,dti_1,ABIDEII-NYU_1_29211_session_1_dti_1,4.974874167,0.588347472,1.664936667,7.285327517,0.095612794,ABIDEII-NYU_1_29211_session_1_dti_1,2.500866481,66.6667,44,1.04303456,0.014097385,0.492453202,0.235180077
ABIDEII-NYU_1,29211,session_1,dti_2,ABIDEII-NYU_1_29211_session_1_dti_2,4.6965813,0.5971291,1.641293333,6.653937065,0.108354561,ABIDEII-NYU_1_29211_session_1_dti_2,3.229366141,62.1212,41,1.042097425,0.013987077,0.482100769,0.246936185
ABIDEII-NYU_1,29212,session_1,dti_1,ABIDEII-NYU_1_29212_session_1_dti_1,7.299532165,0.567981345,1.60668,14.3041475,0.066383526,ABIDEII-NYU_1_29212_session_1_dti_1,0.740281979,43.9394,29,1.049459224,0.014576923,0.495524765,0.275487092
ABIDEII-NYU_1,29212,session_1,dti_2,ABIDEII-NYU_1_29212_session_1_dti_2,6.711028582,0.571044257,1.57905,12.6173835,0.073767766,ABIDEII-NYU_1_29212_session_1_dti_2,0.747772597,42.4242,28,1.039801503,0.014415231,0.481142715,0.258311908
ABIDEII-NYU_1,29213,session_1,dti_1,ABIDEII-NYU_1_29213_session_1_dti_1,10.10030009,0.53676302,1.65483,22.55511895,0.033741023,ABIDEII-NYU_1_29213_session_1_dti_1,0.949603515,34.8485,23,1.06079343,0.016238769,0.565474199,0.293924323
ABIDEII-NYU_1,29213,session_1,dti_2,ABIDEII-NYU_1_29213_session_1_dti_2,9.023069091,0.539242993,1.638203333,18.98328152,0.041580811,ABIDEII-NYU_1_29213_session_1_dti_2,0.79309931,25.7576,17,1.005587269,0.018091231,0.534177994,0.307617938
ABIDEII-NYU_1,29214,session_1,dti_1,ABIDEII-NYU_1_29214_session_1_dti_1,9.107321933,0.556277522,1.679216667,21.86546888,0.029240917,ABIDEII-NYU_1_29214_session_1_dti_1,0.71201156,53.0303,35,1.033793767,0.015963231,0.572079796,0.261413738
ABIDEII-NYU_1,29214,session_1,dti_2,ABIDEII-NYU_1_29214_session_1_dti_2,8.362565926,0.558182673,1.687373333,19.57197405,0.035703998,ABIDEII-NYU_1_29214_session_1_dti_2,0.765845651,50,33,1.03747128,0.015376154,0.570947033,0.232389569
ABIDEII-NYU_1,29215,session_1,dti_1,ABIDEII-NYU_1_29215_session_1_dti_1,8.584803021,0.55489673,1.771363333,18.51296779,0.034012925,ABIDEII-NYU_1_29215_session_1_dti_1,0.678699975,46.9697,31,1.00249933,0.016023077,0.522174768,0.270051754
ABIDEII-NYU_1,29215,session_1,dti_2,ABIDEII-NYU_1_29215_session_1_dti_2,7.716060711,0.560014729,1.642036667,15.69073456,0.046433866,ABIDEII-NYU_1_29215_session_1_dti_2,1.077277434,45.4545,30,1.003099522,0.020362308,0.462976498,0.246540708
ABIDEII-NYU_1,29217,session_1,dti_1,ABIDEII-NYU_1_29217_session_1_dti_1,12.06909712,0.524175856,1.852303333,30.09144182,0.021683332,ABIDEII-NYU_1_29217_session_1_dti_1,1.415072814,81.8182,54,1.046204134,0.015544,0.588072896,0.247427846
ABIDEII-NYU_1,29217,session_1,dti_2,ABIDEII-NYU_1_29217_session_1_dti_2,11.71759128,0.524606521,1.849653333,28.89038808,0.023753928,ABIDEII-NYU_1_29217_session_1_dti_2,1.41507699,80.303,53,1.043821067,0.015956615,0.585449563,0.298049015
ABIDEII-NYU_1,29218,session_1,dti_1,ABIDEII-NYU_1_29218_session_1_dti_1,8.056881808,0.55276533,1.673756667,15.78319213,0.062541731,ABIDEII-NYU_1_29218_session_1_dti_1,0.694903266,42.4242,28,1.020157643,0.016159077,0.544040601,0.277750138
ABIDEII-NYU_1,29218,session_1,dti_2,ABIDEII-NYU_1_29218_session_1_dti_2,5.838808004,0.556896721,1.593563333,9.546237481,0.086754419,ABIDEII-NYU_1_29218_session_1_dti_2,0.788042281,46.9697,31,1.016292554,0.015145077,0.53184324,0.239622231
ABIDEII-NYU_1,29220,session_1,dti_1,ABIDEII-NYU_1_29220_session_1_dti_1,8.106385886,0.580628413,1.78021,19.35278717,0.051884253,ABIDEII-NYU_1_29220_session_1_dti_1,0.649877834,48.4848,32,1.04088249,0.015937231,0.533104082,0.247030077
ABIDEII-NYU_1,29220,session_1,dti_2,ABIDEII-NYU_1_29220_session_1_dti_2,7.926644794,0.580243933,1.78527,18.73502073,0.055690747,ABIDEII-NYU_1_29220_session_1_dti_2,0.81065275,43.9394,29,1.027608073,0.016696923,0.515636127,0.246308692
ABIDEII-NYU_1,29224,session_1,dti_1,ABIDEII-NYU_1_29224_session_1_dti_1,8.409871794,0.585037268,1.795673333,17.75780699,0.051613722,ABIDEII-NYU_1_29224_session_1_dti_1,0.175453133,1.5152,1,1.018472358,0.015965692,0.524151862,0.224189785
ABIDEII-NYU_1,29224,session_1,dti_2,ABIDEII-NYU_1_29224_session_1_dti_2,7.220806822,0.585759425,1.79014,14.12795955,0.064565815,ABIDEII-NYU_1_29224_session_1_dti_2,0.208529728,6.0606,4,1.021180513,0.015918923,0.522197982,0.225128708
ABIDEII-NYU_1,29225,session_1,dti_1,ABIDEII-NYU_1_29225_session_1_dti_1,9.66507593,0.561104735,1.65672,22.65643731,0.037180491,ABIDEII-NYU_1_29225_session_1_dti_1,0.686304793,40.9091,27,1.014769715,0.019654769,0.542506072,0.251842723
ABIDEII-NYU_1,29225,session_1,dti_2,ABIDEII-NYU_1_29225_session_1_dti_2,8.657500638,0.567591925,1.650793333,19.63717021,0.046494409,ABIDEII-NYU_1_29225_session_1_dti_2,0.95839352,39.3939,26,1.032996782,0.025122462,0.491538959,0.254919785
ABIDEII-NYU_1,29226,session_1,dti_1,ABIDEII-NYU_1_29226_session_1_dti_1,8.219517698,0.567063817,1.990056667,21.452057,0.059147403,ABIDEII-NYU_1_29226_session_1_dti_1,3.309813226,77.2727,51,1.057493028,0.015676,0.565442892,0.222242708
ABIDEII-NYU_1,29226,session_1,dti_2,ABIDEII-NYU_1_29226_session_1_dti_2,8.134210487,0.568073054,1.98809,21.07054354,0.061222974,ABIDEII-NYU_1_29226_session_1_dti_2,3.736372894,78.7879,52,1.055399254,0.015338,0.565983524,0.221683938
ABIDEII-NYU_1,29227,session_1,dti_1,ABIDEII-NYU_1_29227_session_1_dti_1,9.49883757,0.562767667,1.630043333,21.76475576,0.037217971,ABIDEII-NYU_1_29227_session_1_dti_1,0.64412505,39.3939,26,1.032328162,0.015750923,0.551354288,0.272901815
ABIDEII-NYU_1,29227,session_1,dti_2,ABIDEII-NYU_1_29227_session_1_dti_2,9.367773408,0.563389778,1.625126667,21.52773049,0.040533233,ABIDEII-NYU_1_29227_session_1_dti_2,0.629764221,40.9091,27,1.03257142,0.015540923,0.555545712,0.262850385
ABIDEII-NYU_1,29228,session_1,dti_1,ABIDEII-NYU_1_29228_session_1_dti_1,7.217049186,0.572657386,1.720683333,15.19967327,0.067199297,ABIDEII-NYU_1_29228_session_1_dti_1,0.55114655,34.8485,23,1.0298149,0.015578923,0.551811624,0.267852954
ABIDEII-NYU_1,29228,session_1,dti_2,ABIDEII-NYU_1_29228_session_1_dti_2,6.896345739,0.573052497,1.689213333,14.21157039,0.071875542,ABIDEII-NYU_1_29228_session_1_dti_2,0.565310894,33.3333,22,1.024530748,0.01565,0.545538174,0.263739754
ABIDEII-NYU_1,29230,session_1,dti_1,ABIDEII-NYU_1_29230_session_1_dti_1,9.953940195,0.55093517,1.61596,23.99772156,0.040144067,ABIDEII-NYU_1_29230_session_1_dti_1,0.617283746,51.5152,34,1.033210929,0.015878462,0.578151147,0.294741123
ABIDEII-NYU_1,29230,session_1,dti_2,ABIDEII-NYU_1_29230_session_1_dti_2,10.10953962,0.550884882,1.625646667,24.41542077,0.039112501,ABIDEII-NYU_1_29230_session_1_dti_2,0.631565826,54.5455,36,1.032312073,0.015788769,0.574274305,0.287695477
ABIDEII-NYU_1,29231,session_1,dti_1,ABIDEII-NYU_1_29231_session_1_dti_1,6.317670302,0.552789989,1.748153333,11.43112064,0.075248338,ABIDEII-NYU_1_29231_session_1_dti_1,1.541119979,74.2424,49,1.027903953,0.016300308,0.542903822,0.254723954
ABIDEII-NYU_1,29231,session_1,dti_2,ABIDEII-NYU_1_29231_session_1_dti_2,5.861174917,0.554745206,1.73386,10.18404202,0.08444877,ABIDEII-NYU_1_29231_session_1_dti_2,1.360896456,66.6667,44,1.03761747,0.014685846,0.545571611,0.230677215
ABIDEII-NYU_1,29232,session_1,dti_1,ABIDEII-NYU_1_29232_session_1_dti_1,8.572824555,0.558254134,1.677936667,18.14711902,0.050369006,ABIDEII-NYU_1_29232_session_1_dti_1,0.753488198,51.5152,34,1.022502766,0.016135077,0.5764573,0.256122477
ABIDEII-NYU_1,29232,session_1,dti_2,ABIDEII-NYU_1_29232_session_1_dti_2,7.953340166,0.561907749,1.662496667,16.27161635,0.057857703,ABIDEII-NYU_1_29232_session_1_dti_2,0.761682373,48.4848,32,1.037012051,0.017299692,0.575178373,0.289777969
ABIDEII-NYU_1,29233,session_1,dti_1,ABIDEII-NYU_1_29233_session_1_dti_1,8.550181014,0.579803652,1.718813333,19.94369407,0.041815147,ABIDEII-NYU_1_29233_session_1_dti_1,1.114721306,68.1818,45,1.025694218,0.015060154,0.522599057,0.218221077
ABIDEII-NYU_1,29233,session_1,dti_2,ABIDEII-NYU_1_29233_session_1_dti_2,7.456046675,0.586112806,1.66734,16.76290855,0.052689381,ABIDEII-NYU_1_29233_session_1_dti_2,0.934074043,65.1515,43,1.035165618,0.014223231,0.515240518,0.199554354
ABIDEII-NYU_1,29234,session_1,dti_1,ABIDEII-NYU_1_29234_session_1_dti_1,6.124391564,0.542494528,1.734386667,9.744192648,0.091559529,ABIDEII-NYU_1_29234_session_1_dti_1,2.560836724,80.303,53,1.040552957,0.019211538,0.506985528,0.290305446
ABIDEII-NYU_1,29234,session_1,dti_2,ABIDEII-NYU_1_29234_session_1_dti_2,5.682929785,0.545615579,1.735926667,8.636928848,0.099216901,ABIDEII-NYU_1_29234_session_1_dti_2,1.953327784,69.697,46,1.018982099,0.016520769,0.537399719,0.298345462
ABIDEII-NYU_1,29235,session_1,dti_1,ABIDEII-NYU_1_29235_session_1_dti_1,8.074969685,0.569818563,1.955916667,20.85708188,0.05064033,ABIDEII-NYU_1_29235_session_1_dti_1,2.76155248,77.2727,51,1.068286745,0.014733846,0.571171004,0.198246677
ABIDEII-NYU_1,29235,session_1,dti_2,ABIDEII-NYU_1_29235_session_1_dti_2,7.635045632,0.572532814,1.913693333,19.16473559,0.05569673,ABIDEII-NYU_1_29235_session_1_dti_2,2.675919561,77.2727,51,1.059033117,0.015259077,0.569848022,0.2412954
ABIDEII-NYU_1,29237,session_1,dti_1,ABIDEII-NYU_1_29237_session_1_dti_1,7.609818606,0.572387157,1.778273333,17.04197857,0.062533647,ABIDEII-NYU_1_29237_session_1_dti_1,0.844870292,40.9091,27,1.031782619,0.015134923,0.544487715,0.241938185
ABIDEII-NYU_1,29237,session_1,dti_2,ABIDEII-NYU_1_29237_session_1_dti_2,7.609818606,0.572387157,1.778273333,17.04197857,0.062533647,ABIDEII-NYU_1_29237_session_1_dti_2,0.844870292,40.9091,27,1.031782619,0.015134923,0.544487715,0.241938185
ABIDEII-NYU_1,29241,session_1,dti_1,ABIDEII-NYU_1_29241_session_1_dti_1,6.742237142,0.553774082,1.61415,12.32958291,0.067521237,ABIDEII-NYU_1_29241_session_1_dti_1,1.070445376,56.0606,37,1.040334918,0.015157385,0.5692445,0.250574969
ABIDEII-NYU_1,29241,session_1,dti_2,ABIDEII-NYU_1_29241_session_1_dti_2,6.40487651,0.555251214,1.618743333,11.26368875,0.073433787,ABIDEII-NYU_1_29241_session_1_dti_2,1.462218648,59.0909,39,1.037809141,0.015484462,0.566068065,0.264147015
ABIDEII-NYU_1,29242,session_1,dti_1,ABIDEII-NYU_1_29242_session_1_dti_1,7.306060938,0.550858636,1.625023333,13.74629019,0.063926384,ABIDEII-NYU_1_29242_session_1_dti_1,2.011508548,62.1212,41,1.089634318,0.015010923,0.542937372,0.267893477
ABIDEII-NYU_1,29242,session_1,dti_2,ABIDEII-NYU_1_29242_session_1_dti_2,6.900423792,0.553554978,1.61009,12.80289109,0.070893288,ABIDEII-NYU_1_29242_session_1_dti_2,2.102729877,62.1212,41,1.074169375,0.014351846,0.547139013,0.286245754
ABIDEII-NYU_1,29243,session_1,dti_1,ABIDEII-NYU_1_29243_session_1_dti_1,7.68132792,0.552711116,1.642456667,13.54361663,0.059149742,ABIDEII-NYU_1_29243_session_1_dti_1,1.080780311,60.6061,40,1.068218226,0.015768615,0.513387888,0.291503569
ABIDEII-NYU_1,29243,session_1,dti_2,ABIDEII-NYU_1_29243_session_1_dti_2,7.937050497,0.557177317,1.629453333,14.3525827,0.055983234,ABIDEII-NYU_1_29243_session_1_dti_2,0.864730569,46.9697,31,1.027601298,0.015148154,0.521076808,0.298785215
ABIDEII-NYU_1,29245,session_1,dti_1,ABIDEII-NYU_1_29245_session_1_dti_1,8.57544949,0.595332288,1.73898,22.27446997,0.045838512,ABIDEII-NYU_1_29245_session_1_dti_1,0.756830801,50,33,1.024344408,0.014866308,0.53935376,0.198942369
ABIDEII-NYU_1,29245,session_1,dti_2,ABIDEII-NYU_1_29245_session_1_dti_2,8.276274206,0.595497179,1.768233333,21.31167299,0.048878055,ABIDEII-NYU_1_29245_session_1_dti_2,1.085376548,54.5455,36,1.088007404,0.018307538,0.51170205,0.237429231
ABIDEII-NYU_1,29246,session_1,dti_1,ABIDEII-NYU_1_29246_session_1_dti_1,5.661226015,0.56196161,1.685093333,8.950487272,0.086292356,ABIDEII-NYU_1_29246_session_1_dti_1,1.411274473,50,33,1.038605202,0.014752615,0.515937278,0.233340292
ABIDEII-NYU_1,29246,session_1,dti_2,ABIDEII-NYU_1_29246_session_1_dti_2,5.215721376,0.566226351,1.60612,7.821373289,0.093586296,ABIDEII-NYU_1_29246_session_1_dti_2,1.852706624,46.9697,31,1.052696782,0.015576462,0.50771169,0.268897369
ABIDEII-NYU_1,29247,session_1,dti_1,ABIDEII-NYU_1_29247_session_1_dti_1,7.290072719,0.566342013,1.62467,12.59597683,0.062474046,ABIDEII-NYU_1_29247_session_1_dti_1,0.478778926,33.3333,22,1.021166867,0.015486308,0.542412306,0.254186046
ABIDEII-NYU_1,29247,session_1,dti_2,ABIDEII-NYU_1_29247_session_1_dti_2,6.710451871,0.56938159,1.624636667,11.1575321,0.068879917,ABIDEII-NYU_1_29247_session_1_dti_2,0.466839244,30.303,20,1.020973736,0.015235692,0.531912271,0.2488982
ABIDEII-NYU_1,29248,session_1,dti_1,ABIDEII-NYU_1_29248_session_1_dti_1,11.22190525,0.543537643,1.996296667,26.37005298,0.037840225,ABIDEII-NYU_1_29248_session_1_dti_1,1.37720774,81.8182,54,1.047495432,0.016063231,0.552329452,0.2323522
ABIDEII-NYU_1,29248,session_1,dti_2,ABIDEII-NYU_1_29248_session_1_dti_2,11.0675409,0.542669034,2.015513333,25.60281458,0.040140852,ABIDEII-NYU_1_29248_session_1_dti_2,1.516144953,86.3636,57,1.072985296,0.015576308,0.548736304,0.224035662
ABIDEII-NYU_1,29249,session_1,dti_1,ABIDEII-NYU_1_29249_session_1_dti_1,6.852915121,0.586911099,1.69204,13.83955924,0.069341719,ABIDEII-NYU_1_29249_session_1_dti_1,0.764696977,57.5758,38,1.044406184,0.017337538,0.508020239,0.256681138
ABIDEII-NYU_1,29249,session_1,dti_2,ABIDEII-NYU_1_29249_session_1_dti_2,6.699379989,0.585435467,1.698326667,13.24403251,0.070807174,ABIDEII-NYU_1_29249_session_1_dti_2,0.935214864,62.1212,41,1.043934566,0.016699231,0.483275915,0.217974708
ABIDEII-NYU_1,29250,session_1,dti_1,ABIDEII-NYU_1_29250_session_1_dti_1,6.161158003,0.57153262,1.74704,10.76349804,0.079331167,ABIDEII-NYU_1_29250_session_1_dti_1,1.538057609,63.6364,42,1.054992243,0.015474923,0.535786988,0.2729642
ABIDEII-NYU_1,29250,session_1,dti_2,ABIDEII-NYU_1_29250_session_1_dti_2,6.221477395,0.569832282,1.811543333,10.95350025,0.078998253,ABIDEII-NYU_1_29250_session_1_dti_2,1.664080868,72.7273,48,1.060389088,0.015083846,0.530365217,0.273433938
ABIDEII-NYU_1,29251,session_1,dti_1,ABIDEII-NYU_1_29251_session_1_dti_1,9.573078567,0.567108855,1.689516667,21.40004792,0.045719694,ABIDEII-NYU_1_29251_session_1_dti_1,0.703341112,45.4545,30,1.004516859,0.016161231,0.513212448,0.251641415
ABIDEII-NYU_1,29251,session_1,dti_2,ABIDEII-NYU_1_29251_session_1_dti_2,8.588488779,0.571173549,1.707983333,18.59543374,0.052975915,ABIDEII-NYU_1_29251_session_1_dti_2,0.716668764,30.303,20,0.996407496,0.015972154,0.503486646,0.2453204
ABIDEII-NYU_1,29252,session_1,dti_1,ABIDEII-NYU_1_29252_session_1_dti_1,6.374709803,0.569744411,1.687826667,11.97326983,0.073801585,ABIDEII-NYU_1_29252_session_1_dti_1,0.835176922,59.0909,39,1.047140211,0.015064462,0.530388402,0.247665354
ABIDEII-NYU_1,29252,session_1,dti_2,ABIDEII-NYU_1_29252_session_1_dti_2,5.839020088,0.573889609,1.604903333,10.35041684,0.080135226,ABIDEII-NYU_1_29252_session_1_dti_2,0.701362032,56.0606,37,1.047129408,0.014431538,0.530410249,0.218934369
ABIDEII-NYU_1,29253,session_1,dti_1,ABIDEII-NYU_1_29253_session_1_dti_1,7.71717669,0.5410271,1.685436667,14.56419045,0.055513669,ABIDEII-NYU_1_29253_session_1_dti_1,0.43084718,21.2121,14,1.016293439,0.01689,0.566330771,0.2857148
ABIDEII-NYU_1,29253,session_1,dti_2,ABIDEII-NYU_1_29253_session_1_dti_2,7.289608961,0.542385306,1.707856667,13.22776823,0.061365478,ABIDEII-NYU_1_29253_session_1_dti_2,0.448668591,15.1515,10,1.022783154,0.016784769,0.5717217,0.282270954
ABIDEII-NYU_1,29254,session_1,dti_1,ABIDEII-NYU_1_29254_session_1_dti_1,7.057790129,0.539020007,1.659493333,12.04538412,0.067645542,ABIDEII-NYU_1_29254_session_1_dti_1,0.629982249,59.0909,39,1.030536264,0.015876308,0.573129069,0.305367169
ABIDEII-NYU_1,29254,session_1,dti_2,ABIDEII-NYU_1_29254_session_1_dti_2,8.332916105,0.539028256,1.728193333,15.72281386,0.056379829,ABIDEII-NYU_1_29254_session_1_dti_2,0.680428072,59.0909,39,1.036213402,0.015380923,0.567434219,0.264722738
ABIDEII-NYU_2,29150,session_1,dti_1,ABIDEII-NYU_2_29150_session_1_dti_1,8.187265685,0.537447461,1.656836667,18.07195186,0.053879641,ABIDEII-NYU_2_29150_session_1_dti_1,0.790953641,48.4848,32,1.043578599,0.015442,0.599930774,0.258239969
ABIDEII-NYU_2,29150,session_1,dti_2,ABIDEII-NYU_2_29150_session_1_dti_2,7.896685303,0.539505106,1.642016667,17.12110966,0.057822008,ABIDEII-NYU_2_29150_session_1_dti_2,0.806681735,51.5152,34,1.036436175,0.015340923,0.594574754,0.249100677
ABIDEII-NYU_2,29152,session_1,dti_1,ABIDEII-NYU_2_29152_session_1_dti_1,9.359913315,0.559502369,1.659826667,20.77317122,0.044734772,ABIDEII-NYU_2_29152_session_1_dti_1,0.468974598,19.697,13,1.014976122,0.015758769,0.557397452,0.2509426
ABIDEII-NYU_2,29152,session_1,dti_2,ABIDEII-NYU_2_29152_session_1_dti_2,7.645504425,0.56125401,1.639743333,15.39450445,0.060843304,ABIDEII-NYU_2_29152_session_1_dti_2,0.524443878,28.7879,19,1.019493632,0.016528,0.552602895,0.258962169
ABIDEII-NYU_2,29153,session_1,dti_1,ABIDEII-NYU_2_29153_session_1_dti_1,8.783005914,0.568772492,1.775553333,21.53913405,0.042950545,ABIDEII-NYU_2_29153_session_1_dti_1,1.434695581,74.2424,49,1.046467395,0.024626308,0.507514567,0.233263877
ABIDEII-NYU_2,29153,session_1,dti_2,ABIDEII-NYU_2_29153_session_1_dti_2,8.140968325,0.571492964,1.765876667,19.10489264,0.052821632,ABIDEII-NYU_2_29153_session_1_dti_2,1.086514395,78.7879,52,1.042717271,0.015921385,0.561218519,0.221840738
ABIDEII-NYU_2,29154,session_1,dti_1,ABIDEII-NYU_2_29154_session_1_dti_1,8.955310462,0.539786364,1.810123333,19.57108737,0.049388628,ABIDEII-NYU_2_29154_session_1_dti_1,1.007996431,63.6364,42,1.037566625,0.015585692,0.570151409,0.287401846
ABIDEII-NYU_2,29154,session_1,dti_2,ABIDEII-NYU_2_29154_session_1_dti_2,8.528057402,0.54256546,1.79371,18.05910333,0.053339154,ABIDEII-NYU_2_29154_session_1_dti_2,1.003645378,66.6667,44,1.027762394,0.015087077,0.561292019,0.228470785
ABIDEII-NYU_2,29155,session_1,dti_1,ABIDEII-NYU_2_29155_session_1_dti_1,9.404836833,0.556696189,1.761956667,22.53313118,0.047982428,ABIDEII-NYU_2_29155_session_1_dti_1,0.951528685,74.2424,49,1.025995756,0.016183538,0.572631443,0.220136708
ABIDEII-NYU_2,29155,session_1,dti_2,ABIDEII-NYU_2_29155_session_1_dti_2,9.131928245,0.557603218,1.77466,21.75803405,0.05185286,ABIDEII-NYU_2_29155_session_1_dti_2,0.922623989,77.2727,51,1.029183379,0.016344,0.576440616,0.255162508
ABIDEII-NYU_2,29157,session_1,dti_1,ABIDEII-NYU_2_29157_session_1_dti_1,9.416684997,0.543520483,1.695176667,19.48925945,0.041744277,ABIDEII-NYU_2_29157_session_1_dti_1,0.682797437,63.6364,42,1.023756425,0.015616769,0.565485316,0.281313077
ABIDEII-NYU_2,29157,session_1,dti_2,ABIDEII-NYU_2_29157_session_1_dti_2,9.056512601,0.544759411,1.69538,18.41712082,0.043674927,ABIDEII-NYU_2_29157_session_1_dti_2,0.656301044,57.5758,38,1.028848773,0.015410769,0.563496093,0.247955615
ABIDEII-NYU_2,29158,session_1,dti_1,ABIDEII-NYU_2_29158_session_1_dti_1,9.333816297,0.541994916,1.67414,21.06210811,0.030444235,ABIDEII-NYU_2_29158_session_1_dti_1,0.784517731,60.6061,40,1.028801556,0.01596,0.582422565,0.266553154
ABIDEII-NYU_2,29158,session_1,dti_2,ABIDEII-NYU_2_29158_session_1_dti_2,9.961349506,0.54406231,1.65795,23.34138649,0.024132751,ABIDEII-NYU_2_29158_session_1_dti_2,0.777983609,60.6061,40,1.019068443,0.015990462,0.573457237,0.247463846
ABIDEII-NYU_2,29161,session_1,dti_1,ABIDEII-NYU_2_29161_session_1_dti_1,7.484406922,0.54097743,1.668443333,14.2919388,0.062986962,ABIDEII-NYU_2_29161_session_1_dti_1,0.921652074,65.1515,43,1.020302687,0.015792308,0.589620486,0.266869523
ABIDEII-NYU_2,29161,session_1,dti_2,ABIDEII-NYU_2_29161_session_1_dti_2,9.044797377,0.540925775,1.701033333,19.45992793,0.04673145,ABIDEII-NYU_2_29161_session_1_dti_2,0.962430284,65.1515,43,1.024333323,0.015844769,0.593540979,0.280550246
ABIDEII-NYU_2,29162,session_1,dti_1,ABIDEII-NYU_2_29162_session_1_dti_1,7.365245174,0.557477896,1.638416667,14.42137617,0.05792037,ABIDEII-NYU_2_29162_session_1_dti_1,0.527714167,40.9091,27,1.019021176,0.015903692,0.577148443,0.241205446
ABIDEII-NYU_2,29162,session_1,dti_2,ABIDEII-NYU_2_29162_session_1_dti_2,9.961362564,0.561523755,1.657426667,22.99314588,0.039881233,ABIDEII-NYU_2_29162_session_1_dti_2,0.481067568,28.7879,19,1.01615725,0.016619231,0.571365044,0.240955354
ABIDEII-NYU_2,29163,session_1,dti_1,ABIDEII-NYU_2_29163_session_1_dti_1,8.309253018,0.549771056,1.666423333,17.43549058,0.042906493,ABIDEII-NYU_2_29163_session_1_dti_1,0.493738181,21.2121,14,1.023847948,0.017403077,0.563547407,0.295133831
ABIDEII-NYU_2,29163,session_1,dti_2,ABIDEII-NYU_2_29163_session_1_dti_2,10.39934425,0.549810668,1.688713333,24.43953804,0.031022664,ABIDEII-NYU_2_29163_session_1_dti_2,0.564806239,25.7576,17,1.032773908,0.016427385,0.571275856,0.254091569
ABIDEII-NYU_2,29164,session_1,dti_1,ABIDEII-NYU_2_29164_session_1_dti_1,11.01156059,0.528617531,1.64545,25.21304251,0.025666123,ABIDEII-NYU_2_29164_session_1_dti_1,0.729667128,59.0909,39,1.025997775,0.016490462,0.60023153,0.328825862
ABIDEII-NYU_2,29164,session_1,dti_2,ABIDEII-NYU_2_29164_session_1_dti_2,10.66975904,0.52737503,1.650106667,24.0111534,0.02745736,ABIDEII-NYU_2_29164_session_1_dti_2,0.6989634,53.0303,35,0.98995773,0.016241077,0.578466539,0.294784292
ABIDEII-NYU_2,29165,session_1,dti_1,ABIDEII-NYU_2_29165_session_1_dti_1,7.495531826,0.54342626,1.615166667,14.05411067,0.074148506,ABIDEII-NYU_2_29165_session_1_dti_1,0.732820386,54.5455,36,1.03174782,0.016134615,0.594117417,0.2976614
ABIDEII-NYU_2,29165,session_1,dti_2,ABIDEII-NYU_2_29165_session_1_dti_2,7.339540361,0.545425589,1.61497,13.65431356,0.076985486,ABIDEII-NYU_2_29165_session_1_dti_2,0.787209415,45.4545,30,1.03902581,0.018273846,0.569028583,0.303801477
ABIDEII-NYU_2,29168,session_1,dti_1,ABIDEII-NYU_2_29168_session_1_dti_1,7.993932355,0.59275099,1.741353333,22.25742807,0.060520016,ABIDEII-NYU_2_29168_session_1_dti_1,5.315222064,80.303,53,1.065242908,0.015140154,0.585565894,0.229249615
ABIDEII-NYU_2,29168,session_1,dti_2,ABIDEII-NYU_2_29168_session_1_dti_2,6.520088018,0.592524872,1.715093333,16.12905301,0.075547941,ABIDEII-NYU_2_29168_session_1_dti_2,5.963216502,87.8788,58,1.070787628,0.014927538,0.581686011,0.224848938
ABIDEII-NYU_2,29169,session_1,dti_1,ABIDEII-NYU_2_29169_session_1_dti_1,8.099190486,0.558100624,1.715153333,16.53720327,0.065692015,ABIDEII-NYU_2_29169_session_1_dti_1,0.628449363,37.8788,25,1.024372944,0.016270308,0.582058095,0.266699262
ABIDEII-NYU_2,29169,session_1,dti_2,ABIDEII-NYU_2_29169_session_1_dti_2,7.895276323,0.56056604,1.708576667,15.72675701,0.06918171,ABIDEII-NYU_2_29169_session_1_dti_2,0.696785331,43.9394,29,1.019558854,0.016490923,0.575102728,0.261558308
ABIDEII-NYU_2,29170,session_1,dti_1,ABIDEII-NYU_2_29170_session_1_dti_1,8.082611394,0.561887149,1.664663333,16.80479356,0.059022337,ABIDEII-NYU_2_29170_session_1_dti_1,0.66046915,50,33,1.021162638,0.015692308,0.581822579,0.247894477
ABIDEII-NYU_2,29170,session_1,dti_2,ABIDEII-NYU_2_29170_session_1_dti_2,7.588322118,0.56351982,1.64988,15.18024027,0.066743463,ABIDEII-NYU_2_29170_session_1_dti_2,0.663199664,51.5152,34,1.013653793,0.015910308,0.579955442,0.272359615
ABIDEII-NYU_2,29171,session_1,dti_1,ABIDEII-NYU_2_29171_session_1_dti_1,7.663394781,0.525680161,1.72945,12.96617852,0.063352071,ABIDEII-NYU_2_29171_session_1_dti_1,1.771756077,74.2424,49,1.05800795,0.017793385,0.539672403,0.318606154
ABIDEII-NYU_2,29171,session_1,dti_2,ABIDEII-NYU_2_29171_session_1_dti_2,7.189305675,0.526451635,1.709376667,11.75974753,0.069549091,ABIDEII-NYU_2_29171_session_1_dti_2,2.069970371,74.2424,49,1.057066456,0.019954923,0.525146401,0.335436077
ABIDEII-NYU_2,29172,session_1,dti_1,ABIDEII-NYU_2_29172_session_1_dti_1,8.460826201,0.558580827,1.64467,18.23717669,0.066242956,ABIDEII-NYU_2_29172_session_1_dti_1,0.638888617,34.8485,23,1.021341725,0.015359538,0.583980882,0.229317785
ABIDEII-NYU_2,29172,session_1,dti_2,ABIDEII-NYU_2_29172_session_1_dti_2,7.000659426,0.563671388,1.647063333,13.82707904,0.084414005,ABIDEII-NYU_2_29172_session_1_dti_2,0.660022529,30.303,20,1.038708994,0.015220923,0.575289206,0.246080646
ABIDEII-NYU_2,29173,session_1,dti_1,ABIDEII-NYU_2_29173_session_1_dti_1,12.22240472,0.522955014,1.64979,27.80644496,0.017447865,ABIDEII-NYU_2_29173_session_1_dti_1,0.865480292,45.4545,30,1.029180701,0.015845077,0.595282818,0.280783385
ABIDEII-NYU_2,29173,session_1,dti_2,ABIDEII-NYU_2_29173_session_1_dti_2,11.91892852,0.524739209,1.64466,26.43408648,0.018440446,ABIDEII-NYU_2_29173_session_1_dti_2,0.884683069,48.4848,32,1.018193279,0.015939231,0.586155218,0.279098185
ABIDEII-NYU_2,29174,session_1,dti_1,ABIDEII-NYU_2_29174_session_1_dti_1,10.5036054,0.55003286,1.76267,23.34465277,0.051279284,ABIDEII-NYU_2_29174_session_1_dti_1,1.54659875,18.1818,12,1.009437104,0.016383538,0.583777227,0.283106631
ABIDEII-NYU_2,29174,session_1,dti_2,ABIDEII-NYU_2_29174_session_1_dti_2,6.946977984,0.552129236,1.706146667,12.30547397,0.085883014,ABIDEII-NYU_2_29174_session_1_dti_2,1.577966276,16.6667,11,1.013044088,0.015972308,0.582665399,0.236935169
ABIDEII-SDSU_1,28853,session_1,dti_1,ABIDEII-SDSU_1_28853_session_1_dti_1,9.99239509,0.412789804,2.069195409,25.44721068,0.013938303,ABIDEII-SDSU_1_28853_session_1_dti_1,0.612521109,3.1746,2,1.015996783,0.016258387,0.485598095,0.070549255
ABIDEII-SDSU_1,28854,session_1,dti_1,ABIDEII-SDSU_1_28854_session_1_dti_1,7.035068913,0.407662074,2.093269234,14.96427697,0.031580586,ABIDEII-SDSU_1_28854_session_1_dti_1,1.352245291,11.1111,7,1.041488667,0.016224194,0.477862002,0.06025925
ABIDEII-SDSU_1,28855,session_1,dti_1,ABIDEII-SDSU_1_28855_session_1_dti_1,4.836678276,0.419493857,2.045199881,6.843619972,0.073524833,ABIDEII-SDSU_1_28855_session_1_dti_1,2.725804913,31.746,20,1.046354356,0.015730806,0.466221527,0.045936042
ABIDEII-SDSU_1,28856,session_1,dti_1,ABIDEII-SDSU_1_28856_session_1_dti_1,8.446016144,0.4161409,1.940088297,18.59682161,0.005634683,ABIDEII-SDSU_1_28856_session_1_dti_1,0.602711961,4.7619,3,1.063535928,0.023099032,0.437858352,0.054295205
ABIDEII-SDSU_1,28857,session_1,dti_1,ABIDEII-SDSU_1_28857_session_1_dti_1,7.651587342,0.395187036,2.056083213,14.36601832,0.018186858,ABIDEII-SDSU_1_28857_session_1_dti_1,0.460633707,1.5873,1,1.097754174,0.019782903,0.410373567,0.070272795
ABIDEII-SDSU_1,28858,session_1,dti_1,ABIDEII-SDSU_1_28858_session_1_dti_1,10.53398745,0.433572094,3.063043508,26.46154701,0.005699668,ABIDEII-SDSU_1_28858_session_1_dti_1,0.356582425,0,0,0.955625241,0.01692629,0.447546202,0.049103542
ABIDEII-SDSU_1,28859,session_1,dti_1,ABIDEII-SDSU_1_28859_session_1_dti_1,6.299836264,0.416853062,2.077327894,11.34010726,0.036497921,ABIDEII-SDSU_1_28859_session_1_dti_1,0.799322439,15.873,10,0.966366629,0.019998065,0.409593426,0.055232676
ABIDEII-SDSU_1,28860,session_1,dti_1,ABIDEII-SDSU_1_28860_session_1_dti_1,4.990641984,0.412917551,2.056292006,6.27738759,0.048671115,ABIDEII-SDSU_1_28860_session_1_dti_1,0.455747424,6.3492,4,1.048612628,0.016313548,0.505229433,0.059017413
ABIDEII-SDSU_1,28861,session_1,dti_1,ABIDEII-SDSU_1_28861_session_1_dti_1,4.567659289,0.431870054,2.009945194,7.167316257,0.051420972,ABIDEII-SDSU_1_28861_session_1_dti_1,0.764824313,15.873,10,1.02800476,0.016648548,0.458233741,0.046054755
ABIDEII-SDSU_1,28862,session_1,dti_1,ABIDEII-SDSU_1_28862_session_1_dti_1,5.636051334,0.405023737,2.042730904,9.062499459,0.037459895,ABIDEII-SDSU_1_28862_session_1_dti_1,0.558184883,4.7619,3,1.031385862,0.016385,0.456723673,0.048674277
ABIDEII-SDSU_1,28863,session_1,dti_1,ABIDEII-SDSU_1_28863_session_1_dti_1,5.467812704,0.4035324,2.058646146,7.954288769,0.056122035,ABIDEII-SDSU_1_28863_session_1_dti_1,0.581947629,12.6984,8,1.03289633,0.016138871,0.499161651,0.061354181
ABIDEII-SDSU_1,28864,session_1,dti_1,ABIDEII-SDSU_1_28864_session_1_dti_1,10.90419794,0.436935621,2.25358045,41.61759892,0.014896549,ABIDEII-SDSU_1_28864_session_1_dti_1,0.723783646,46.0317,29,1.074120633,0.015158387,0.468309447,0.056873571
ABIDEII-SDSU_1,28865,session_1,dti_1,ABIDEII-SDSU_1_28865_session_1_dti_1,6.549575444,0.439874604,2.067806936,13.52301615,0.035571277,ABIDEII-SDSU_1_28865_session_1_dti_1,0.425902374,0,0,1.04356232,0.015705806,0.490852063,0.044064697
ABIDEII-SDSU_1,28866,session_1,dti_1,ABIDEII-SDSU_1_28866_session_1_dti_1,4.75006321,0.423050513,2.01772273,7.173143871,0.05044309,ABIDEII-SDSU_1_28866_session_1_dti_1,0.818492772,20.6349,13,1.069171734,0.015615806,0.462499836,0.061148803
ABIDEII-SDSU_1,28867,session_1,dti_1,ABIDEII-SDSU_1_28867_session_1_dti_1,4.936079374,0.421105499,2.124395041,7.465280605,0.052341435,ABIDEII-SDSU_1_28867_session_1_dti_1,0.509708948,0,0,1.065330489,0.015221129,0.470122901,0.045988942
ABIDEII-SDSU_1,28868,session_1,dti_1,ABIDEII-SDSU_1_28868_session_1_dti_1,7.773046757,0.395590677,2.064534107,14.72794037,0.025319332,ABIDEII-SDSU_1_28868_session_1_dti_1,0.403609369,1.5873,1,1.043645995,0.016033871,0.510621685,0.047342102
ABIDEII-SDSU_1,28869,session_1,dti_1,ABIDEII-SDSU_1_28869_session_1_dti_1,11.22917531,0.411368005,2.263821744,32.51252825,0.012276408,ABIDEII-SDSU_1_28869_session_1_dti_1,1.744542204,38.0952,24,0.896277974,0.039003871,0.317456316,0.061535873
ABIDEII-SDSU_1,28870,session_1,dti_1,ABIDEII-SDSU_1_28870_session_1_dti_1,10.72365992,0.400301974,2.043727891,25.7909986,0.012460914,ABIDEII-SDSU_1_28870_session_1_dti_1,0.378879361,1.5873,1,1.023296595,0.015787258,0.489061204,0.055043135
ABIDEII-SDSU_1,28871,session_1,dti_1,ABIDEII-SDSU_1_28871_session_1_dti_1,3.852218687,0.418431845,1.915654304,3.287904036,0.114450715,ABIDEII-SDSU_1_28871_session_1_dti_1,1.107000348,0,0,1.076232781,0.014670968,0.360686106,0.062676298
ABIDEII-SDSU_1,28872,session_1,dti_1,ABIDEII-SDSU_1_28872_session_1_dti_1,7.164927335,0.390638438,2.326365668,12.77870672,0.024758279,ABIDEII-SDSU_1_28872_session_1_dti_1,6.38172479,71.4286,45,1.073210819,0.01500371,0.424756458,0.05596694
ABIDEII-SDSU_1,28873,session_1,dti_1,ABIDEII-SDSU_1_28873_session_1_dti_1,6.816514874,0.406013553,2.079922146,10.71232718,0.014565864,ABIDEII-SDSU_1_28873_session_1_dti_1,0.461726039,6.3492,4,0.985187731,0.016981774,0.459302965,0.088460144
ABIDEII-SDSU_1,28874,session_1,dti_1,ABIDEII-SDSU_1_28874_session_1_dti_1,4.218191146,0.420711094,3.022583197,5.188085024,0.074564874,ABIDEII-SDSU_1_28874_session_1_dti_1,2.810482446,3.1746,2,1.066175489,0.014874032,0.392200636,0.067544594
ABIDEII-SDSU_1,28875,session_1,dti_1,ABIDEII-SDSU_1_28875_session_1_dti_1,10.36021752,0.411226071,2.142429531,24.2438893,0.008305424,ABIDEII-SDSU_1_28875_session_1_dti_1,0.377034331,0,0,0.990936251,0.016917258,0.477522513,0.06908954
ABIDEII-SDSU_1,28876,session_1,dti_1,ABIDEII-SDSU_1_28876_session_1_dti_1,9.246833769,0.378764326,2.099720936,20.16525008,0.017001264,ABIDEII-SDSU_1_28876_session_1_dti_1,1.339167286,3.1746,2,1.0778107,0.015259677,0.434691081,0.065585635
ABIDEII-SDSU_1,28877,session_1,dti_1,ABIDEII-SDSU_1_28877_session_1_dti_1,4.62640688,0.433088021,2.014021876,6.845146111,0.065452293,ABIDEII-SDSU_1_28877_session_1_dti_1,0.785572444,7.9365,5,0.985027344,0.018659839,0.439226001,0.051229713
ABIDEII-SDSU_1,28878,session_1,dti_1,ABIDEII-SDSU_1_28878_session_1_dti_1,5.157758214,0.431552031,2.100284677,8.642026984,0.056508604,ABIDEII-SDSU_1_28878_session_1_dti_1,0.583486448,1.5873,1,1.02644836,0.015095484,0.455669706,0.048277813
ABIDEII-SDSU_1,28879,session_1,dti_1,ABIDEII-SDSU_1_28879_session_1_dti_1,7.541443153,0.426120532,2.021256551,16.21414264,0.009647409,ABIDEII-SDSU_1_28879_session_1_dti_1,0.540620527,6.3492,4,1.022932103,0.017307419,0.471334399,0.053293008
ABIDEII-SDSU_1,28880,session_1,dti_1,ABIDEII-SDSU_1_28880_session_1_dti_1,12.16983356,0.405933848,2.143207285,36.32505229,0.010473237,ABIDEII-SDSU_1_28880_session_1_dti_1,0.390194114,3.1746,2,1.042481498,0.016013226,0.513401508,0.055721784
ABIDEII-SDSU_1,28881,session_1,dti_1,ABIDEII-SDSU_1_28881_session_1_dti_1,7.274914942,0.41171892,2.08806507,14.73581542,0.006274327,ABIDEII-SDSU_1_28881_session_1_dti_1,0.488928348,3.1746,2,1.033428928,0.016455161,0.510056234,0.069069011
ABIDEII-SDSU_1,28882,session_1,dti_1,ABIDEII-SDSU_1_28882_session_1_dti_1,11.77376387,0.405239262,2.125271972,36.9689076,0.013574916,ABIDEII-SDSU_1_28882_session_1_dti_1,0.445161653,11.1111,7,1.029938862,0.015620484,0.486658836,0.060817518
ABIDEII-SDSU_1,28883,session_1,dti_1,ABIDEII-SDSU_1_28883_session_1_dti_1,8.6374735,0.413824275,2.944048932,18.06900704,0.018183066,ABIDEII-SDSU_1_28883_session_1_dti_1,0.377254619,12.6984,8,1.045426499,0.015686935,0.486799292,0.086522487
ABIDEII-SDSU_1,28884,session_1,dti_1,ABIDEII-SDSU_1_28884_session_1_dti_1,7.733137347,0.408080965,2.072932802,17.26777577,0.015563403,ABIDEII-SDSU_1_28884_session_1_dti_1,0.731536731,36.5079,23,1.064840685,0.02083871,0.448015955,0.074263895
ABIDEII-SDSU_1,28885,session_1,dti_1,ABIDEII-SDSU_1_28885_session_1_dti_1,7.476590663,0.433977467,2.242921571,20.89572487,0.04174532,ABIDEII-SDSU_1_28885_session_1_dti_1,0.965768264,60.3175,38,1.092638038,0.015582419,0.478388714,0.058123397
ABIDEII-SDSU_1,28886,session_1,dti_1,ABIDEII-SDSU_1_28886_session_1_dti_1,5.185371941,0.430068868,2.051082622,8.249040635,0.063345581,ABIDEII-SDSU_1_28886_session_1_dti_1,1.301066312,15.873,10,1.047087249,0.015729839,0.477557445,0.065071739
ABIDEII-SDSU_1,28887,session_1,dti_1,ABIDEII-SDSU_1_28887_session_1_dti_1,10.61163305,0.419551302,2.524734616,36.2168692,0.010170336,ABIDEII-SDSU_1_28887_session_1_dti_1,16.59828637,87.3016,55,0.99542342,0.016662581,0.431583987,0.06935341
ABIDEII-SDSU_1,28888,session_1,dti_1,ABIDEII-SDSU_1_28888_session_1_dti_1,4.581615625,0.402477298,2.246925175,6.944856124,0.060466886,ABIDEII-SDSU_1_28888_session_1_dti_1,0.819723073,14.2857,9,1.097442105,0.014554355,0.41424653,0.077034979
ABIDEII-SDSU_1,28889,session_1,dti_1,ABIDEII-SDSU_1_28889_session_1_dti_1,9.82450679,0.423480966,2.138420707,30.10122233,0.037014883,ABIDEII-SDSU_1_28889_session_1_dti_1,2.114667234,17.4603,11,1.038433034,0.015677097,0.47338058,0.063706668
ABIDEII-SDSU_1,28890,session_1,dti_1,ABIDEII-SDSU_1_28890_session_1_dti_1,7.01493462,0.412899743,1.991863725,12.86935445,0.037407592,ABIDEII-SDSU_1_28890_session_1_dti_1,0.885736756,47.619,30,1.056289201,0.023784516,0.436245712,0.072326484
ABIDEII-SDSU_1,28891,session_1,dti_1,ABIDEII-SDSU_1_28891_session_1_dti_1,4.432068565,0.434718766,1.976460027,5.734206647,0.059186846,ABIDEII-SDSU_1_28891_session_1_dti_1,0.378036803,0,0,1.028551307,0.016084032,0.503742994,0.066060805
ABIDEII-SDSU_1,28892,session_1,dti_1,ABIDEII-SDSU_1_28892_session_1_dti_1,4.347014112,0.411082642,2.048963373,5.661435538,0.073129363,ABIDEII-SDSU_1_28892_session_1_dti_1,1.126416905,23.8095,15,1.027771119,0.015176613,0.424022674,0.074032392
ABIDEII-SDSU_1,28893,session_1,dti_1,ABIDEII-SDSU_1_28893_session_1_dti_1,4.618519109,0.434825749,2.027661274,6.228907203,0.070895657,ABIDEII-SDSU_1_28893_session_1_dti_1,0.878640882,6.3492,4,1.050644469,0.015404032,0.464156384,0.063846908
ABIDEII-SDSU_1,28894,session_1,dti_1,ABIDEII-SDSU_1_28894_session_1_dti_1,7.87877227,0.393228234,1.983632064,13.37216258,-0.000218701,ABIDEII-SDSU_1_28894_session_1_dti_1,0.454296659,1.5873,1,1.040877654,0.016539194,0.502357902,0.084162121
ABIDEII-SDSU_1,28895,session_1,dti_1,ABIDEII-SDSU_1_28895_session_1_dti_1,4.525087003,0.421374017,1.987124126,5.014138975,0.074631922,ABIDEII-SDSU_1_28895_session_1_dti_1,0.926124324,0,0,1.034748804,0.016250968,0.414512633,0.074370952
ABIDEII-SDSU_1,28896,session_1,dti_1,ABIDEII-SDSU_1_28896_session_1_dti_1,5.143464388,0.409162215,2.009558927,6.781982406,0.036825199,ABIDEII-SDSU_1_28896_session_1_dti_1,0.312543797,0,0,1.007151037,0.016428387,0.504640403,0.077673282
ABIDEII-SDSU_1,28897,session_1,dti_1,ABIDEII-SDSU_1_28897_session_1_dti_1,4.749195607,0.423236568,1.986884014,6.137717938,0.059039276,ABIDEII-SDSU_1_28897_session_1_dti_1,1.24059491,12.6984,8,1.042377883,0.015726129,0.476045025,0.074290121
ABIDEII-SDSU_1,28898,session_1,dti_1,ABIDEII-SDSU_1_28898_session_1_dti_1,6.171225894,0.418500928,2.968045053,10.29906821,0.027599256,ABIDEII-SDSU_1_28898_session_1_dti_1,0.252049326,0,0,1.024445621,0.015936452,0.492394606,0.072571308
ABIDEII-SDSU_1,28899,session_1,dti_1,ABIDEII-SDSU_1_28899_session_1_dti_1,7.422017175,0.425736892,1.977723224,14.82889554,0.0215386,ABIDEII-SDSU_1_28899_session_1_dti_1,0.478045494,1.5873,1,1.033920519,0.016715484,0.521073367,0.073356795
ABIDEII-SDSU_1,28900,session_1,dti_1,ABIDEII-SDSU_1_28900_session_1_dti_1,7.99550965,0.441511828,2.181995792,20.32039966,0.033344161,ABIDEII-SDSU_1_28900_session_1_dti_1,0.720337476,49.2063,31,1.033906028,0.017653226,0.471931017,0.064214961
ABIDEII-SDSU_1,28901,session_1,dti_1,ABIDEII-SDSU_1_28901_session_1_dti_1,7.426382204,0.434391541,2.079661155,13.62481051,0.085290208,ABIDEII-SDSU_1_28901_session_1_dti_1,0.605433122,4.7619,3,1.020364477,0.017015323,0.473162044,0.071154571
ABIDEII-SDSU_1,28902,session_1,dti_1,ABIDEII-SDSU_1_28902_session_1_dti_1,5.569395244,0.448115046,2.053541159,10.05150085,0.059218522,ABIDEII-SDSU_1_28902_session_1_dti_1,0.498533562,25.3968,16,1.047348822,0.015370323,0.473551311,0.064366452
ABIDEII-SDSU_1,28903,session_1,dti_1,ABIDEII-SDSU_1_28903_session_1_dti_1,12.76317579,0.414554609,2.12707803,42.5741817,0.009637851,ABIDEII-SDSU_1_28903_session_1_dti_1,0.460455578,1.5873,1,1.035640366,0.015925484,0.518453501,0.073830189
ABIDEII-SDSU_1,28904,session_1,dti_1,ABIDEII-SDSU_1_28904_session_1_dti_1,5.908940746,0.400463245,2.211780105,11.11956142,0.04416221,ABIDEII-SDSU_1_28904_session_1_dti_1,2.670747271,53.9683,34,1.091408353,0.015124839,0.457221122,0.074786573
ABIDEII-SDSU_1,28905,session_1,dti_1,ABIDEII-SDSU_1_28905_session_1_dti_1,7.934029999,0.416871368,1.96276843,16.52169733,0.011682783,ABIDEII-SDSU_1_28905_session_1_dti_1,0.663434854,0,0,1.031140552,0.016508548,0.525985748,0.078830316
ABIDEII-SDSU_1,28906,session_1,dti_1,ABIDEII-SDSU_1_28906_session_1_dti_1,3.440291276,0.434397422,1.941706442,3.439173395,0.076385446,ABIDEII-SDSU_1_28906_session_1_dti_1,2.842946573,12.6984,8,1.028514348,0.015304677,0.436836784,0.077638971
ABIDEII-SDSU_1,28907,session_1,dti_1,ABIDEII-SDSU_1_28907_session_1_dti_1,5.816771302,0.392691762,2.115239471,8.160532635,0.038180981,ABIDEII-SDSU_1_28907_session_1_dti_1,1.005839268,52.381,33,1.001304403,0.018632419,0.445831043,0.094315919
ABIDEII-SDSU_1,28908,session_1,dti_1,ABIDEII-SDSU_1_28908_session_1_dti_1,7.864940857,0.430062754,2.276281462,17.93559736,0.067449711,ABIDEII-SDSU_1_28908_session_1_dti_1,0.998550294,44.4444,28,1.066312465,0.014987581,0.407341626,0.076023052
ABIDEII-SDSU_1,28909,session_1,dti_1,ABIDEII-SDSU_1_28909_session_1_dti_1,29.19926327,0.345746175,2.254707932,226.200342,0.001261974,ABIDEII-SDSU_1_28909_session_1_dti_1,0.56633236,42.8571,27,1.057852947,0.016550968,0.5741119,0.002434457
ABIDEII-TCD_1,29096,session_1,dti_1,ABIDEII-TCD_1_29096_session_1_dti_1,9.350713684,0.363880565,2.238024878,22.08483325,0.020564187,ABIDEII-TCD_1_29096_session_1_dti_1,12.06627459,90.4762,57,1.052105232,0.026824194,0.528458144,0.029934448
ABIDEII-TCD_1,29097,session_1,dti_1,ABIDEII-TCD_1_29097_session_1_dti_1,6.160750068,0.411898175,2.362398741,13.09241542,0.038416054,ABIDEII-TCD_1_29097_session_1_dti_1,6.761154764,92.0635,58,1.066939961,0.019760161,0.582076523,0.026414361
ABIDEII-TCD_1,29098,session_1,dti_1,ABIDEII-TCD_1_29098_session_1_dti_1,8.957119046,0.400068115,2.345814197,26.27228999,0.017491009,ABIDEII-TCD_1_29098_session_1_dti_1,9.512316193,96.8254,61,1.065749474,0.018527903,0.666067358,0.026766966
ABIDEII-TCD_1,29099,session_1,dti_1,ABIDEII-TCD_1_29099_session_1_dti_1,11.56232078,0.403502929,2.141775297,37.76761023,-0.000192085,ABIDEII-TCD_1_29099_session_1_dti_1,2.112416743,71.4286,45,1.039845149,0.020315161,0.623718866,0.021707256
ABIDEII-TCD_1,29100,session_1,dti_1,ABIDEII-TCD_1_29100_session_1_dti_1,8.354529297,0.347586326,2.385141215,18.25908879,0.041356802,ABIDEII-TCD_1_29100_session_1_dti_1,9.568751362,92.0635,58,1.083707357,0.027292258,0.531010983,0.033408802
ABIDEII-TCD_1,29101,session_1,dti_1,ABIDEII-TCD_1_29101_session_1_dti_1,8.023051314,0.400207043,2.066976352,18.81164557,0.034026839,ABIDEII-TCD_1_29101_session_1_dti_1,1.677968847,74.6032,47,1.060981492,0.019212742,0.641612686,0.020955566
ABIDEII-TCD_1,29102,session_1,dti_1,ABIDEII-TCD_1_29102_session_1_dti_1,8.097951196,0.38067924,2.425857085,15.20524305,0.038668081,ABIDEII-TCD_1_29102_session_1_dti_1,3.117868377,85.7143,54,1.075420448,0.030265806,0.522694319,0.023251656
ABIDEII-TCD_1,29103,session_1,dti_1,ABIDEII-TCD_1_29103_session_1_dti_1,8.631107419,0.400111788,2.17485758,24.2377687,0.021825708,ABIDEII-TCD_1_29103_session_1_dti_1,5.65951697,79.3651,50,1.058785592,0.017336129,0.627824527,0.019944919
ABIDEII-TCD_1,29104,session_1,dti_1,ABIDEII-TCD_1_29104_session_1_dti_1,8.4261326,0.388587028,2.37846757,23.54641635,0.02590235,ABIDEII-TCD_1_29104_session_1_dti_1,5.095768987,85.7143,54,1.089656736,0.017217097,0.600239363,0.024598021
ABIDEII-TCD_1,29105,session_1,dti_1,ABIDEII-TCD_1_29105_session_1_dti_1,10.04548848,0.411780623,2.402690807,35.78330716,0.014504967,ABIDEII-TCD_1_29105_session_1_dti_1,8.606699658,88.8889,56,1.124599358,0.018950161,0.627645017,0.023715185
ABIDEII-TCD_1,29107,session_1,dti_1,ABIDEII-TCD_1_29107_session_1_dti_1,7.772755269,0.403855653,2.135408017,17.85475598,0.03122439,ABIDEII-TCD_1_29107_session_1_dti_1,6.089316202,82.5397,52,1.102937707,0.016512742,0.60630667,0.034822879
ABIDEII-TCD_1,29108,session_1,dti_1,ABIDEII-TCD_1_29108_session_1_dti_1,16.42346956,0.399484173,2.373223627,81.60996225,0.004930558,ABIDEII-TCD_1_29108_session_1_dti_1,9.24034305,93.6508,59,1.08468647,0.018810161,0.588236584,0.031711552
ABIDEII-TCD_1,29109,session_1,dti_1,ABIDEII-TCD_1_29109_session_1_dti_1,7.700961671,0.419004919,2.317700129,20.01923459,0.026084917,ABIDEII-TCD_1_29109_session_1_dti_1,8.96685233,90.4762,57,1.05478837,0.021695,0.618808607,0.023520263
ABIDEII-TCD_1,29110,session_1,dti_1,ABIDEII-TCD_1_29110_session_1_dti_1,9.923673053,0.373464286,2.26044567,22.940476,0.008584538,ABIDEII-TCD_1_29110_session_1_dti_1,1.590953099,82.5397,52,1.043929484,0.019999194,0.627031227,0.028972356
ABIDEII-TCD_1,29111,session_1,dti_1,ABIDEII-TCD_1_29111_session_1_dti_1,7.997618793,0.400567881,2.362036209,20.92787139,0.034447622,ABIDEII-TCD_1_29111_session_1_dti_1,10.91760707,82.5397,52,1.086884345,0.021992258,0.628918005,0.029116671
ABIDEII-TCD_1,29112,session_1,dti_1,ABIDEII-TCD_1_29112_session_1_dti_1,8.996805356,0.400093514,2.277157865,25.02335239,0.028091859,ABIDEII-TCD_1_29112_session_1_dti_1,3.105912108,73.0159,46,1.10471646,0.017655645,0.670478509,0.030623702
ABIDEII-TCD_1,29113,session_1,dti_1,ABIDEII-TCD_1_29113_session_1_dti_1,8.149468305,0.38364371,2.198835725,18.75787373,0.019278476,ABIDEII-TCD_1_29113_session_1_dti_1,5.954700629,88.8889,56,0.974778833,0.022119355,0.561521085,0.026126952
ABIDEII-TCD_1,29114,session_1,dti_1,ABIDEII-TCD_1_29114_session_1_dti_1,9.742348379,0.379270731,2.206224221,25.50900846,0.016929779,ABIDEII-TCD_1_29114_session_1_dti_1,1.761773823,80.9524,51,1.074118803,0.01674871,0.622396242,0.02047239
ABIDEII-TCD_1,29115,session_1,dti_1,ABIDEII-TCD_1_29115_session_1_dti_1,7.117471429,0.366910732,2.277009788,13.7052018,0.050660893,ABIDEII-TCD_1_29115_session_1_dti_1,3.920915808,90.4762,57,1.091398254,0.017247903,0.622021476,0.020193082
ABIDEII-TCD_1,29116,session_1,dti_1,ABIDEII-TCD_1_29116_session_1_dti_1,8.922143548,0.401212303,2.38767383,24.07979322,0.029661179,ABIDEII-TCD_1_29116_session_1_dti_1,6.917228168,77.7778,49,0.993944315,0.023768065,0.526510245,0.026465394
ABIDEII-TCD_1,29117,session_1,dti_1,ABIDEII-TCD_1_29117_session_1_dti_1,7.750330372,0.433078251,2.178023349,21.40045796,0.042032246,ABIDEII-TCD_1_29117_session_1_dti_1,1.838739856,79.3651,50,0.980074457,0.017651129,0.577976214,0.02334784
ABIDEII-TCD_1,29118,session_1,dti_1,ABIDEII-TCD_1_29118_session_1_dti_1,8.048520766,0.404412729,2.291597855,22.33899268,0.017146086,ABIDEII-TCD_1_29118_session_1_dti_1,8.932826925,90.4762,57,1.074813306,0.019472419,0.610687764,0.019946827
ABIDEII-TCD_1,29119,session_1,dti_1,ABIDEII-TCD_1_29119_session_1_dti_1,8.870580837,0.383164195,2.273394685,24.06921185,0.014731742,ABIDEII-TCD_1_29119_session_1_dti_1,2.691524127,69.8413,44,1.101094008,0.016315323,0.656555836,0.023272495
ABIDEII-TCD_1,29120,session_1,dti_1,ABIDEII-TCD_1_29120_session_1_dti_1,7.743569499,0.415913931,2.415813429,22.12451601,0.034054033,ABIDEII-TCD_1_29120_session_1_dti_1,12.65435584,87.3016,55,1.096134366,0.017733387,0.620011204,0.032225281
ABIDEII-TCD_1,29121,session_1,dti_1,ABIDEII-TCD_1_29121_session_1_dti_1,6.516970822,0.41100266,2.192208035,12.98068247,0.048618536,ABIDEII-TCD_1_29121_session_1_dti_1,2.050464038,66.6667,42,1.02542694,0.017869355,0.618891932,0.020596292
ABIDEII-TCD_1,29122,session_1,dti_1,ABIDEII-TCD_1_29122_session_1_dti_1,6.964074282,0.414701762,2.156005938,15.51008083,0.04838337,ABIDEII-TCD_1_29122_session_1_dti_1,4.591090483,87.3016,55,1.04115388,0.017449839,0.63126453,0.020469418
ABIDEII-TCD_1,29123,session_1,dti_1,ABIDEII-TCD_1_29123_session_1_dti_1,7.987496979,0.3933577,2.296596706,20.45366605,0.033334311,ABIDEII-TCD_1_29123_session_1_dti_1,17.40569804,85.7143,54,1.068322806,0.018764355,0.605064784,0.020058092
ABIDEII-TCD_1,29124,session_1,dti_1,ABIDEII-TCD_1_29124_session_1_dti_1,6.867290936,0.405945166,2.27152586,14.65061118,0.043417122,ABIDEII-TCD_1_29124_session_1_dti_1,4.423758688,77.7778,49,1.08624314,0.016963871,0.642916984,0.020843311
ABIDEII-TCD_1,29125,session_1,dti_1,ABIDEII-TCD_1_29125_session_1_dti_1,8.206519268,0.381974084,2.173325757,19.69069267,0.006981393,ABIDEII-TCD_1_29125_session_1_dti_1,5.974140223,77.7778,49,1.091137626,0.01682871,0.659667208,0.017427742
ABIDEII-TCD_1,29126,session_1,dti_1,ABIDEII-TCD_1_29126_session_1_dti_1,8.233590327,0.400148915,2.289948592,19.69193419,0.006230157,ABIDEII-TCD_1_29126_session_1_dti_1,5.667331404,84.127,53,1.066420326,0.017600806,0.631428639,0.020473821
ABIDEII-TCD_1,29127,session_1,dti_1,ABIDEII-TCD_1_29127_session_1_dti_1,8.798202574,0.386333154,2.340534512,27.43662985,0.020886505,ABIDEII-TCD_1_29127_session_1_dti_1,16.22556524,90.4762,57,1.14168735,0.016558065,0.620262078,0.02186125
ABIDEII-TCD_1,29128,session_1,dti_1,ABIDEII-TCD_1_29128_session_1_dti_1,8.096527834,0.392848388,2.270953979,20.85072698,0.031910874,ABIDEII-TCD_1_29128_session_1_dti_1,8.175701973,90.4762,57,1.112664994,0.016459516,0.633112266,0.02924219
ABIDEII-TCD_1,29129,session_1,dti_1,ABIDEII-TCD_1_29129_session_1_dti_1,7.049801865,0.402268906,2.143542,14.9734973,0.040979356,ABIDEII-TCD_1_29129_session_1_dti_1,3.621743418,80.9524,51,1.051786732,0.018165,0.607033137,0.033267913
ABIDEII-TCD_1,29130,session_1,dti_1,ABIDEII-TCD_1_29130_session_1_dti_1,7.505763811,0.411861321,2.155888498,16.68805257,0.031303406,ABIDEII-TCD_1_29130_session_1_dti_1,5.921101608,84.127,53,1.090433334,0.017052097,0.660646694,0.024898765
ABIDEII-TCD_1,29131,session_1,dti_1,ABIDEII-TCD_1_29131_session_1_dti_1,6.987398826,0.411961383,2.251693851,14.87907971,0.042240273,ABIDEII-TCD_1_29131_session_1_dti_1,5.964015496,80.9524,51,1.07921538,0.016683548,0.66379762,0.026097745
ABIDEII-TCD_1,29133,session_1,dti_1,ABIDEII-TCD_1_29133_session_1_dti_1,7.706904798,0.383227164,2.154857071,17.9621381,0.039046593,ABIDEII-TCD_1_29133_session_1_dti_1,10.33154768,90.4762,57,1.139258241,0.016613226,0.629504889,0.022027789
ABIDEII-TCD_1,29134,session_1,dti_1,ABIDEII-TCD_1_29134_session_1_dti_1,8.156638891,0.394641395,2.13518335,18.00845393,0.017042572,ABIDEII-TCD_1_29134_session_1_dti_1,1.532063287,71.4286,45,1.033245027,0.019652742,0.619585397,0.022805911
ABIDEII-TCD_1,29135,session_1,dti_1,ABIDEII-TCD_1_29135_session_1_dti_1,7.33229463,0.390902201,2.380770411,16.84663791,0.041475426,ABIDEII-TCD_1_29135_session_1_dti_1,8.468474088,88.8889,56,1.143701685,0.016254032,0.616080518,0.028019768
ABIDEII-TCD_1,29136,session_1,dti_1,ABIDEII-TCD_1_29136_session_1_dti_1,8.037738349,0.384121111,2.228103768,19.89147672,0.024408072,ABIDEII-TCD_1_29136_session_1_dti_1,11.72940698,90.4762,57,1.082693738,0.020085806,0.574130464,0.031161071
ABIDEII-TCD_1,29137,session_1,dti_1,ABIDEII-TCD_1_29137_session_1_dti_1,8.721357457,0.389145195,2.465204527,24.07377264,0.022460578,ABIDEII-TCD_1_29137_session_1_dti_1,6.00532201,80.9524,51,1.05019748,0.025142742,0.583021715,0.025958015
